country,state,city,station,last_update,latitude,longitude,CO,NH3,NO2,OZONE,PM10,PM2.5,SO2
India,Andhra Pradesh,Amaravati,"Secretariat, Amaravati - APPCB",2026-05-09 17:00:00,16.5150833,80.5181667,13.0,5.0,28.0,45.0,61.0,32.0,6.0
India,Andhra Pradesh,Anantapur,"Gulzarpet, Anantapur - APPCB",2026-05-09 17:00:00,14.675886,77.593027,28.0,3.0,17.0,38.0,70.0,64.0,12.0
India,Andhra Pradesh,Chittoor,"Gangineni Cheruvu, Chittoor - APPCB",2026-05-09 17:00:00,13.20488,79.097889,17.0,8.0,34.0,35.0,,,26.0
India,Andhra Pradesh,Eluru,"District Court, Eluru - APPCB",2026-05-09 17:00:00,16.711754,81.092095,22.0,3.0,18.0,37.0,53.0,50.0,9.0
India,Andhra Pradesh,Guntur,"Rajendra Nagar North, Guntur - APPCB",2026-05-09 17:00:00,16.316553,80.413302,22.0,7.0,33.0,35.0,60.0,56.0,12.0
India,Andhra Pradesh,Kadapa,"Yerramukkapalli, Kadapa - APPCB",2026-05-09 17:00:00,14.465052,78.824187,16.0,3.0,22.0,41.0,63.0,69.0,16.0
India,Andhra Pradesh,Kakinada,"Rama Rao Peta, Kakinada - APPCB",2026-05-09 17:00:00,16.962488,82.229513,13.0,4.0,38.0,47.0,36.0,14.0,12.0
India,Andhra Pradesh,Kurnool,"Sita Rama Nagar, Kurnool - APPCB",2026-05-09 17:00:00,15.83411,78.028546,10.0,5.0,30.0,30.0,41.0,41.0,11.0
India,Andhra Pradesh,Machilipatnam,"Srinivas Nagar Colony, Machilipatnam - APPCB",2026-05-09 17:00:00,16.186555,81.13219,12.0,3.0,30.0,37.0,55.0,49.0,11.0
India,Andhra Pradesh,Nellore,"Ambedkar Nagar, Nellore - APPCB",2026-05-09 17:00:00,14.438164,79.966814,32.0,6.0,33.0,29.0,59.0,54.0,19.0
India,Andhra Pradesh,Rajamahendravaram,"Anand Kala Kshetram, Rajamahendravaram - APPCB",2026-05-09 17:00:00,16.9872867,81.7363176,17.0,2.0,8.0,58.0,61.0,35.0,4.0
India,Andhra Pradesh,Srikakulam,"Chinna Bharatham Colony, Srikakulam - APPCB",2026-05-09 17:00:00,18.292191,83.897173,70.0,3.0,28.0,54.0,61.0,45.0,16.0
India,Andhra Pradesh,Tirumala,"Toll Gate, Tirumala - APPCB",2026-05-09 17:00:00,13.67,79.35,22.0,3.0,49.0,10.0,40.0,31.0,6.0
India,Andhra Pradesh,Tirupati,"Vaikuntapuram, Tirupati - APPCB",2026-05-09 17:00:00,13.615387,79.40923,19.0,3.0,32.0,33.0,76.0,50.0,19.0
India,Andhra Pradesh,Vijayawada,"HB Colony, Vijayawada - APPCB",2026-05-09 17:00:00,16.536107,80.594233,32.0,4.0,18.0,33.0,54.0,48.0,11.0
India,Andhra Pradesh,Vijayawada,"Rajiv Gandhi Park, Vijayawada - APPCB",2026-05-09 17:00:00,16.509717,80.612222,33.0,5.0,31.0,38.0,65.0,59.0,13.0
India,Andhra Pradesh,Vijayawada,"Rajiv Nagar, Vijayawada - APPCB",2026-05-09 17:00:00,16.554731,80.64911,18.0,4.0,19.0,37.0,60.0,54.0,11.0
India,Andhra Pradesh,Visakhapatnam,"GVM Corporation, Visakhapatnam - APPCB",2026-05-09 17:00:00,17.72,83.3,13.0,2.0,65.0,43.0,94.0,65.0,23.0
India,Arunachal Pradesh,Naharlagun,"Naharlagun, Naharlagun - APSPCB",2026-05-09 17:00:00,27.103358,93.679645,9.0,1.0,8.0,7.0,27.0,23.0,11.0
India,Assam,Byrnihat,"Central Academy for SFS, Byrnihat - PCBA",2026-05-09 17:00:00,26.071318,91.87488,60.0,4.0,8.0,25.0,87.0,102.0,31.0
India,Assam,Guwahati,"IITG, Guwahati - PCBA",2026-05-09 17:00:00,26.2028636,91.70046436,74.0,1.0,2.0,19.0,12.0,12.0,32.0
India,Assam,Guwahati,"LGBI Airport, Guwahati - PCBA",2026-05-09 17:00:00,26.10887,91.589544,21.0,6.0,18.0,12.0,27.0,35.0,11.0
India,Assam,Guwahati,"Pan Bazaar, Guwahati - PCBA",2026-05-09 17:00:00,26.1875,91.744194,7.0,,,20.0,,,
India,Assam,Guwahati,"Railway Colony, Guwahati - PCBA",2026-05-09 17:00:00,26.181742,91.78063,11.0,1.0,3.0,13.0,42.0,43.0,13.0
India,Assam,Nagaon,"Christianpatty, Nagaon - PCBA",2026-05-09 17:00:00,26.349082,92.68449,23.0,5.0,1.0,12.0,59.0,66.0,12.0
India,Assam,Nalbari,"Bata Chowk, Nalbari - PCBA",2026-05-09 17:00:00,26.446912,91.439057,21.0,6.0,15.0,19.0,23.0,32.0,8.0
India,Assam,Silchar,"Tarapur, Silchar - PCBA",2026-05-09 17:00:00,24.82827,92.79525,30.0,1.0,19.0,6.0,50.0,38.0,6.0
India,Assam,Sivasagar,"Girls College, Sivasagar - PCBA",2026-05-09 17:00:00,26.987634,94.636574,12.0,3.0,10.0,41.0,30.0,20.0,6.0
India,Bihar,Araria,"Kharahiya Basti, Araria - BSPCB",2026-05-09 17:00:00,26.146529,87.454184,28.0,4.0,15.0,40.0,61.0,53.0,20.0
India,Bihar,Arrah,"New DM Office, Arrah - BSPCB",2026-05-09 17:00:00,25.5626095,84.663264,57.0,,,8.0,,,
India,Bihar,Begusarai,"Lohiyanagar, Begusarai - BSPCB",2026-05-09 17:00:00,25.42742023,86.13886079,52.0,3.0,9.0,21.0,139.0,84.0,19.0
India,Bihar,Bettiah,"Kamalnath Nagar, Bettiah - BSPCB",2026-05-09 17:00:00,26.80365,84.51954,32.0,3.0,27.0,24.0,21.0,23.0,13.0
India,Bihar,Bhagalpur,"DM Office_Kachari Chowk, Bhagalpur - BSPCB",2026-05-09 17:00:00,25.251013,86.989001,28.0,4.0,21.0,19.0,,182.0,22.0
India,Bihar,Bhagalpur,"Mayaganj, Bhagalpur - BSPCB",2026-05-09 17:00:00,25.265194,87.012947,38.0,4.0,18.0,16.0,91.0,127.0,30.0
India,Bihar,Bihar Sharif,"D M Colony, Bihar Sharif - BSPCB",2026-05-09 17:00:00,25.204762,85.51496,33.0,3.0,,2.0,19.0,25.0,20.0
India,Bihar,Chhapra,"Darshan Nagar, Chhapra - BSPCB",2026-05-09 17:00:00,25.7808257,84.7446768,101.0,0.0,1.0,2.0,112.0,92.0,28.0
India,Bihar,Gaya,"Collectorate, Gaya - BSPCB",2026-05-09 17:00:00,24.7955,84.9994,12.0,,,28.0,,,
India,Bihar,Gaya,"Kareemganj, Gaya - BSPCB",2026-05-09 17:00:00,24.792403,84.992416,41.0,1.0,,59.0,105.0,69.0,42.0
India,Bihar,Gaya,"SFTI Kusdihra, Gaya - BSPCB",2026-05-09 17:00:00,24.762518,84.982348,22.0,7.0,25.0,22.0,37.0,33.0,9.0
India,Bihar,Hajipur,"Industrial Area, Hajipur - BSPCB",2026-05-09 17:00:00,25.697189,85.2459,23.0,17.0,22.0,36.0,44.0,62.0,5.0
India,Bihar,Katihar,"Mirchaibari, Katihar - BSPCB",2026-05-09 17:00:00,25.560083,87.553265,74.0,1.0,2.0,28.0,32.0,31.0,17.0
India,Bihar,Kishanganj,"SDM Office_Khagra, Kishanganj - BSPCB",2026-05-09 17:00:00,26.0881305,87.93840336,41.0,3.0,7.0,33.0,41.0,51.0,7.0
India,Bihar,Manguraha,"Forest Rest House, Manguraha - BSPCB",2026-05-09 17:00:00,27.308328,84.531742,48.0,1.0,,33.0,89.0,,21.0
India,Bihar,Motihari,"Gandak Colony, Motihari - BSPCB",2026-05-09 17:00:00,26.63086,84.90051,12.0,1.0,3.0,50.0,29.0,28.0,3.0
India,Bihar,Munger,"Town Hall, Munger - BSPCB",2026-05-09 17:00:00,25.376776,86.471523,35.0,3.0,12.0,14.0,87.0,129.0,73.0
India,Bihar,Muzaffarpur,"Buddha Colony, Muzaffarpur - BSPCB",2026-05-09 17:00:00,26.11442,85.39813,18.0,14.0,17.0,27.0,53.0,48.0,4.0
India,Bihar,Muzaffarpur,"MIT-Daudpur Kothi, Muzaffarpur - BSPCB",2026-05-09 17:00:00,26.1403345,85.3650192,14.0,1.0,2.0,48.0,30.0,21.0,15.0
India,Bihar,Patna,"DRM Office Danapur, Patna - BSPCB",2026-05-09 17:00:00,25.586562,85.043586,38.0,9.0,23.0,28.0,45.0,29.0,6.0
India,Bihar,Patna,"Govt. High School Shikarpur, Patna - BSPCB",2026-05-09 17:00:00,25.592539,85.227158,42.0,6.0,6.0,77.0,83.0,41.0,13.0
India,Bihar,Patna,"Muradpur, Patna - BSPCB",2026-05-09 17:00:00,25.619651,85.147382,50.0,5.0,4.0,70.0,67.0,47.0,9.0
India,Bihar,Patna,"Rajbansi Nagar, Patna - BSPCB",2026-05-09 17:00:00,25.599486,85.113666,25.0,3.0,31.0,28.0,44.0,39.0,11.0
India,Bihar,Patna,"Samanpura, Patna - BSPCB",2026-05-09 17:00:00,25.596727,85.085624,22.0,5.0,24.0,23.0,116.0,134.0,3.0
India,Bihar,Purnia,"Mariam Nagar, Purnia - BSPCB",2026-05-09 17:00:00,25.366336,87.117468,56.0,4.0,18.0,40.0,33.0,47.0,16.0
India,Bihar,Rajgir,"Dangi Tola, Rajgir - BSPCB",2026-05-09 17:00:00,25.0328,85.41948,43.0,3.0,14.0,22.0,,,3.0
India,Bihar,Saharsa,"Police Line, Saharsa - BSPCB",2026-05-09 17:00:00,25.892357,86.590325,44.0,4.0,7.0,16.0,59.0,31.0,19.0
India,Bihar,Samastipur,"DM Office_Kasipur, Samastipur - BSPCB",2026-05-09 17:00:00,25.859655,85.77944,15.0,1.0,8.0,6.0,37.0,47.0,12.0
India,Bihar,Sasaram,"Dada Peer, Sasaram - BSPCB",2026-05-09 17:00:00,24.952822,84.002396,13.0,3.0,2.0,,28.0,36.0,4.0
India,Bihar,Siwan,"Chitragupta Nagar, Siwan - BSPCB",2026-05-09 17:00:00,26.2271665,84.3570427,103.0,1.0,2.0,14.0,,,
India,Chandigarh,Chandigarh,"Sector 22, Chandigarh - CPCC",2026-05-09 17:00:00,30.735567,76.775714,35.0,4.0,3.0,10.0,23.0,22.0,5.0
India,Chandigarh,Chandigarh,"Sector-25, Chandigarh - CPCC",2026-05-09 17:00:00,30.751462,76.762879,20.0,12.0,14.0,17.0,37.0,23.0,6.0
India,Chandigarh,Chandigarh,"Sector-53, Chandigarh - CPCC",2026-05-09 17:00:00,30.719859,76.738637,32.0,4.0,25.0,19.0,19.0,8.0,3.0
India,Chhattisgarh,Bhilai,"32Bungalows, Bhilai - CECB",2026-05-09 17:00:00,21.194815,81.31477,9.0,5.0,6.0,20.0,,14.0,7.0
India,Chhattisgarh,Bhilai,"Civic Center, Bhilai - Bhilai Steel Plant",2026-05-09 17:00:00,21.185571,81.343175,20.0,1.0,16.0,12.0,13.0,9.0,10.0
India,Chhattisgarh,Bhilai,"Hathkhoj, Bhilai - CECB",2026-05-09 17:00:00,21.224231,81.40835,13.0,7.0,13.0,16.0,26.0,24.0,8.0
India,Chhattisgarh,Bilaspur,"Mangala, Bilaspur - NTPC",2026-05-09 17:00:00,22.08815,82.13737,23.0,,23.0,,48.0,33.0,22.0
India,Chhattisgarh,Chhal,"Nawapara SECL Colony, Chhal - CECB",2026-05-09 17:00:00,22.118125,83.140608,12.0,2.0,11.0,41.0,71.0,61.0,17.0
India,Chhattisgarh,Korba,"Rampur, Korba - CECB",2026-05-09 17:00:00,22.368195,82.746431,9.0,1.0,15.0,17.0,25.0,19.0,23.0
India,Chhattisgarh,Korba,"Urja Nagar, Korba - CECB",2026-05-09 17:00:00,22.348441,82.549611,25.0,1.0,4.0,5.0,34.0,21.0,11.0
India,Chhattisgarh,Kunjemura,"OP Jindal School, Kunjemura - CECB",2026-05-09 17:00:00,22.12665,83.483212,17.0,2.0,13.0,4.0,54.0,19.0,11.0
India,Chhattisgarh,Milupara,"Govt. Higher Secondary School, Milupara - CECB",2026-05-09 17:00:00,22.1910172,83.5197009,12.0,,,37.0,,,
India,Chhattisgarh,Raipur,"AIIMS, Raipur - CECB",2026-05-09 17:00:00,21.258815,81.578979,21.0,2.0,1.0,13.0,22.0,14.0,4.0
India,Chhattisgarh,Raipur,"Bhatagaon New ISBT, Raipur - CECB",2026-05-09 17:00:00,21.219665,81.630094,15.0,2.0,10.0,2.0,27.0,15.0,3.0
India,Chhattisgarh,Raipur,"Krishak Nagar, Raipur - CECB",2026-05-09 17:00:00,21.237755,81.705301,8.0,2.0,5.0,3.0,22.0,20.0,9.0
India,Chhattisgarh,Raipur,"Siltara Phase-II, Raipur - CECB",2026-05-09 17:00:00,21.371751,81.664929,17.0,2.0,22.0,4.0,56.0,33.0,13.0
India,Chhattisgarh,Tumidih,"OP Jindal Industrial Park, Tumidih - CECB",2026-05-09 17:00:00,22.06631475,83.33820077,21.0,2.0,34.0,6.0,54.0,38.0,6.0
India,Delhi,Delhi,"Anand Vihar, Delhi - DPCC",2026-05-09 17:00:00,28.647622,77.315809,22.0,4.0,20.0,12.0,71.0,2.0,28.0
India,Delhi,Delhi,"Ashok Vihar, Delhi - DPCC",2026-05-09 17:00:00,28.695381,77.181665,106.0,6.0,24.0,6.0,40.0,30.0,30.0
India,Delhi,Delhi,"Aya Nagar, Delhi - IITM",2026-05-09 17:00:00,28.4706914,77.1099364,29.0,,22.0,14.0,36.0,27.0,
India,Delhi,Delhi,"Bawana, Delhi - DPCC",2026-05-09 17:00:00,28.7762,77.051074,48.0,5.0,6.0,16.0,32.0,,8.0
India,Delhi,Delhi,"Burari Crossing, Delhi - IITM",2026-05-09 17:00:00,28.7256504,77.2011573,26.0,,37.0,29.0,34.0,32.0,
India,Delhi,Delhi,"CRRI Mathura Road, Delhi - IITM",2026-05-09 17:00:00,28.5512005,77.2735737,45.0,,8.0,19.0,33.0,32.0,
India,Delhi,Delhi,"Cantonment Area, Delhi - DPCC",2026-05-09 17:00:00,28.594169,77.1251,53.0,3.0,7.0,7.0,27.0,14.0,5.0
India,Delhi,Delhi,"Chandni Chowk, Delhi - IITM",2026-05-09 17:00:00,28.656756,77.227234,95.0,5.0,12.0,7.0,64.0,62.0,10.0
India,Delhi,Delhi,"Commonwealth Sports Complex, Delhi - DPCC",2026-05-09 17:00:00,28.615828,77.271992,69.0,1.0,24.0,13.0,48.0,47.0,2.0
India,Delhi,Delhi,"DTU, Delhi - CPCB",2026-05-09 17:00:00,28.7500499,77.1112615,12.0,5.0,21.0,16.0,32.0,34.0,30.0
India,Delhi,Delhi,"Dr. Karni Singh Shooting Range, Delhi - DPCC",2026-05-09 17:00:00,28.498571,77.26484,37.0,5.0,29.0,12.0,29.0,,6.0
India,Delhi,Delhi,"Dwarka-Sector 8, Delhi - DPCC",2026-05-09 17:00:00,28.5710274,77.0719006,17.0,6.0,30.0,15.0,25.0,21.0,15.0
India,Delhi,Delhi,"IGNOU_Maidan Garhi, Delhi - DPCC",2026-05-09 17:00:00,28.493624,77.201159,59.0,3.0,9.0,6.0,34.0,14.0,7.0
India,Delhi,Delhi,"IHBAS, Dilshad Garden, Delhi - CPCB",2026-05-09 17:00:00,28.6811736,77.3025234,32.0,5.0,49.0,19.0,28.0,40.0,18.0
India,Delhi,Delhi,"IIT Delhi, Delhi - IITM",2026-05-09 17:00:00,28.54246,77.191651,26.0,,24.0,16.0,59.0,32.0,
India,Delhi,Delhi,"IMD Lodhi Road, Delhi - IITM",2026-05-09 17:00:00,28.5918245,77.2273074,21.0,,17.0,21.0,40.0,32.0,
India,Delhi,Delhi,"ITO, Delhi - CPCB",2026-05-09 17:00:00,28.628624,77.24106,53.0,4.0,62.0,15.0,43.0,44.0,23.0
India,Delhi,Delhi,"JNU, Delhi - DPCC",2026-05-09 17:00:00,28.540721,77.168544,56.0,,28.0,12.0,37.0,35.0,4.0
India,Delhi,Delhi,"Jahangirpuri, Delhi - DPCC",2026-05-09 17:00:00,28.73282,77.170633,48.0,11.0,19.0,17.0,,,28.0
India,Delhi,Delhi,"Jawaharlal Nehru Stadium, Delhi - DPCC",2026-05-09 17:00:00,28.58028,77.233829,76.0,6.0,20.0,25.0,30.0,31.0,37.0
India,Delhi,Delhi,"Major Dhyan Chand National Stadium, Delhi - DPCC",2026-05-09 17:00:00,28.611281,77.237738,61.0,7.0,50.0,8.0,21.0,2.0,4.0
India,Delhi,Delhi,"Mandir Marg, Delhi - DPCC",2026-05-09 17:00:00,28.636429,77.201067,63.0,10.0,31.0,5.0,47.0,20.0,12.0
India,Delhi,Delhi,"Mundka, Delhi - DPCC",2026-05-09 17:00:00,28.684678,77.076574,48.0,8.0,74.0,7.0,30.0,22.0,12.0
India,Delhi,Delhi,"NSIT Dwarka, Delhi - CPCB",2026-05-09 17:00:00,28.60909,77.0325413,34.0,7.0,40.0,17.0,21.0,20.0,14.0
India,Delhi,Delhi,"NSUT Jaffarpur, Delhi - DPCC",2026-05-09 17:00:00,28.594004,76.909423,52.0,,21.0,10.0,36.0,41.0,2.0
India,Delhi,Delhi,"Najafgarh, Delhi - DPCC",2026-05-09 17:00:00,28.570173,76.933762,27.0,8.0,19.0,12.0,15.0,,16.0
India,Delhi,Delhi,"Narela, Delhi - DPCC",2026-05-09 17:00:00,28.822836,77.101981,61.0,7.0,23.0,16.0,38.0,20.0,9.0
India,Delhi,Delhi,"Nehru Nagar, Delhi - DPCC",2026-05-09 17:00:00,28.56789,77.250515,53.0,5.0,33.0,9.0,57.0,43.0,11.0
India,Delhi,Delhi,"North Campus, DU, Delhi - IITM",2026-05-09 17:00:00,28.6573814,77.1585447,65.0,,115.0,40.0,35.0,35.0,
India,Delhi,Delhi,"Okhla Phase-2, Delhi - DPCC",2026-05-09 17:00:00,28.530785,77.271255,66.0,4.0,26.0,9.0,78.0,39.0,8.0
India,Delhi,Delhi,"Patparganj, Delhi - DPCC",2026-05-09 17:00:00,28.623763,77.287209,51.0,11.0,28.0,13.0,41.0,24.0,3.0
India,Delhi,Delhi,"Punjabi Bagh, Delhi - DPCC",2026-05-09 17:00:00,28.674045,77.131023,50.0,3.0,35.0,18.0,53.0,36.0,39.0
India,Delhi,Delhi,"Pusa, Delhi - DPCC",2026-05-09 17:00:00,28.639652,77.146275,82.0,6.0,20.0,10.0,36.0,29.0,14.0
India,Delhi,Delhi,"Pusa, Delhi - IITM",2026-05-09 17:00:00,28.63611,77.173332,34.0,,67.0,45.0,,,
India,Delhi,Delhi,"R K Puram, Delhi - DPCC",2026-05-09 17:00:00,28.563262,77.186937,55.0,5.0,35.0,18.0,,,16.0
India,Delhi,Delhi,"Rohini, Delhi - DPCC",2026-05-09 17:00:00,28.732528,77.11992,48.0,3.0,3.0,12.0,65.0,64.0,10.0
India,Delhi,Delhi,"Shadipur, Delhi - CPCB",2026-05-09 17:00:00,28.6514781,77.1473105,58.0,6.0,30.0,10.0,24.0,,14.0
India,Delhi,Delhi,"Sirifort, Delhi - CPCB",2026-05-09 17:00:00,28.5504249,77.2159377,26.0,7.0,55.0,19.0,44.0,57.0,43.0
India,Delhi,Delhi,"Sonia Vihar, Delhi - DPCC",2026-05-09 17:00:00,28.710508,77.249485,71.0,10.0,28.0,11.0,34.0,37.0,6.0
India,Delhi,Delhi,"Sri Aurobindo Marg, Delhi - DPCC",2026-05-09 17:00:00,28.531346,77.190156,48.0,1.0,26.0,9.0,38.0,21.0,45.0
India,Delhi,Delhi,"Talkatora Garden, Delhi - DPCC",2026-05-09 17:00:00,28.62181,77.1944633,67.0,,30.0,8.0,36.0,41.0,2.0
India,Delhi,Delhi,"Vivek Vihar, Delhi - DPCC",2026-05-09 17:00:00,28.672342,77.31526,75.0,4.0,32.0,11.0,40.0,23.0,6.0
India,Delhi,Delhi,"Wazirpur, Delhi - DPCC",2026-05-09 17:00:00,28.699793,77.165453,67.0,6.0,41.0,7.0,42.0,26.0,26.0
India,Gujarat,Ahmedabad,"Chandkheda, Ahmedabad - IITM",2026-05-09 17:00:00,23.107969,72.574648,16.0,5.0,11.0,6.0,82.0,58.0,6.0
India,Gujarat,Ahmedabad,"Gyaspur, Ahmedabad - IITM",2026-05-09 17:00:00,22.977134,72.553024,33.0,4.0,30.0,14.0,94.0,43.0,11.0
India,Gujarat,Ahmedabad,"Maninagar, Ahmedabad - GPCB",2026-05-09 17:00:00,23.002657,72.591912,85.0,,35.0,57.0,76.0,63.0,71.0
India,Gujarat,Ahmedabad,"Raikhad, Ahmedabad - IITM",2026-05-09 17:00:00,23.020509,72.579261,18.0,2.0,16.0,7.0,71.0,41.0,11.0
India,Gujarat,Ahmedabad,"Rakhial, Ahmedabad - IITM",2026-05-09 17:00:00,23.016834,72.625775,44.0,2.0,29.0,3.0,75.0,48.0,14.0
India,Gujarat,Ahmedabad,"SAC ISRO Bopal, Ahmedabad - IITM",2026-05-09 17:00:00,23.041137,72.456691,24.0,3.0,15.0,22.0,51.0,46.0,3.0
India,Gujarat,Ahmedabad,"SAC ISRO Satellite, Ahmedabad - IITM",2026-05-09 17:00:00,23.023389,72.515201,35.0,1.0,24.0,5.0,65.0,42.0,3.0
India,Gujarat,Ahmedabad,"SVPI Airport Hansol, Ahmedabad - IITM",2026-05-09 17:00:00,23.076793,72.627874,44.0,3.0,18.0,22.0,96.0,29.0,19.0
India,Gujarat,Ankleshwar,"GIDC, Ankleshwar - GPCB",2026-05-09 17:00:00,21.613267,73.010555,40.0,5.0,27.0,60.0,68.0,45.0,18.0
India,Gujarat,Bhavnagar,"Vidhyanagar, Bhavnagar - Nexteng Enviro",2026-05-09 17:00:00,21.755417,72.139056,63.0,5.0,45.0,26.0,58.0,31.0,7.0
India,Gujarat,Gandhinagar,"GIFT City, Gandhinagar - IITM",2026-05-09 17:00:00,23.163798,72.677768,12.0,3.0,20.0,6.0,77.0,42.0,6.0
India,Gujarat,Gandhinagar,"IIPHG Lekawada, Gandhinagar - IITM",2026-05-09 17:00:00,23.243639,72.68994,15.0,5.0,12.0,4.0,65.0,44.0,2.0
India,Gujarat,Gandhinagar,"Sector-10, Gandhinagar - GPCB",2026-05-09 17:00:00,23.221714,72.654328,15.0,1.0,7.0,,,,7.0
India,Gujarat,Mehsana,"Sadanand Nagar, Mehsana - Nexteng Enviro",2026-05-09 17:00:00,23.59315,72.372792,40.0,1.0,4.0,10.0,53.0,29.0,14.0
India,Gujarat,Nandesari,"GIDC, Nandesari - Nandesari Ind. Association",2026-05-09 17:00:00,22.410802,73.097923,36.0,,23.0,,51.0,47.0,3.0
India,Gujarat,Rajkot,"Mavdi, Rajkot - Nexteng Enviro",2026-05-09 17:00:00,22.248853,70.776774,43.0,0.0,5.0,14.0,37.0,24.0,10.0
India,Gujarat,Surat,"Katargam, Surat - Nexteng Enviro",2026-05-09 17:00:00,21.217779,72.834787,31.0,4.0,7.0,3.0,63.0,37.0,10.0
India,Gujarat,Surat,"Science Center, Surat - SMC",2026-05-09 17:00:00,21.170046,72.795405,40.0,,6.0,,34.0,35.0,16.0
India,Gujarat,Vadodara,"Bapunagar, Vadodara - Nexteng Enviro",2026-05-09 17:00:00,22.320153,73.216285,77.0,2.0,11.0,4.0,59.0,46.0,8.0
India,Gujarat,Vapi,"Phase-1 GIDC, Vapi - GPCB",2026-05-09 17:00:00,20.362421,72.918013,,4.0,20.0,13.0,39.0,32.0,15.0
India,Gujarat,Vatva,"Phase-4 GIDC, Vatva - GPCB",2026-05-09 17:00:00,22.969611,72.6435,59.0,5.0,40.0,21.0,103.0,76.0,3.0
India,Haryana,Ambala,"Patti Mehar, Ambala - HSPCB",2026-05-09 17:00:00,30.379589,76.778328,39.0,6.0,7.0,38.0,86.0,50.0,79.0
India,Haryana,Bahadurgarh,"Arya Nagar, Bahadurgarh - HSPCB",2026-05-09 17:00:00,28.6701,76.9254,26.0,8.0,26.0,38.0,37.0,37.0,6.0
India,Haryana,Ballabgarh,"Nathu Colony, Ballabgarh - HSPCB",2026-05-09 17:00:00,28.3419248,77.319699,17.0,4.0,20.0,20.0,76.0,35.0,3.0
India,Haryana,Bhiwani,"H.B. Colony, Bhiwani - HSPCB",2026-05-09 17:00:00,28.806223,76.141105,45.0,11.0,18.0,38.0,30.0,38.0,13.0
India,Haryana,Charkhi Dadri,"Mini Secretariat, Charkhi Dadri - HSPCB",2026-05-09 17:00:00,28.593883,76.270653,14.0,6.0,15.0,35.0,43.0,54.0,8.0
India,Haryana,Dharuhera,"Municipal Corporation Office, Dharuhera -  HSPCB",2026-05-09 17:00:00,28.2068,76.7997,40.0,6.0,22.0,14.0,46.0,69.0,8.0
India,Haryana,Faridabad,"New Industrial Town, Faridabad - HSPCB",2026-05-09 17:00:00,28.39072,77.30059,23.0,11.0,25.0,14.0,80.0,59.0,6.0
India,Haryana,Faridabad,"Sector 11, Faridabad - HSPCB",2026-05-09 17:00:00,28.376058,77.315741,61.0,,,16.0,,,
India,Haryana,Faridabad,"Sector 30, Faridabad - HSPCB",2026-05-09 17:00:00,28.4417,77.3217,29.0,12.0,38.0,37.0,70.0,116.0,4.0
India,Haryana,Fatehabad,"Huda Sector, Fatehabad - HSPCB",2026-05-09 17:00:00,29.503664,75.467934,49.0,14.0,19.0,56.0,,,50.0
India,Haryana,Gurugram,"NISE Gwal Pahari, Gurugram - IITM",2026-05-09 17:00:00,28.422681,77.148944,36.0,,25.0,18.0,40.0,33.0,
India,Haryana,Gurugram,"Sector-51, Gurugram - HSPCB",2026-05-09 17:00:00,28.4227,77.0667,17.0,13.0,39.0,59.0,44.0,51.0,8.0
India,Haryana,Gurugram,"Teri Gram, Gurugram - HSPCB",2026-05-09 17:00:00,28.4275,77.1465,11.0,14.0,53.0,26.0,107.0,118.0,10.0
India,Haryana,Hisar,"Urban Estate-II, Hisar - HSPCB",2026-05-09 17:00:00,29.14056,75.744941,15.0,,,33.0,48.0,35.0,131.0
India,Haryana,Jind,"Police Lines, Jind - HSPCB",2026-05-09 17:00:00,29.307814,76.337619,7.0,5.0,13.0,10.0,60.0,91.0,29.0
India,Haryana,Kaithal,"Rishi Nagar, Kaithal - HSPCB",2026-05-09 17:00:00,29.8006,76.4155,22.0,5.0,23.0,42.0,99.0,81.0,31.0
India,Haryana,Karnal,"Sector-12, Karnal - HSPCB",2026-05-09 17:00:00,29.6953,77.0027,51.0,8.0,14.0,46.0,36.0,32.0,13.0
India,Haryana,Kurukshetra,"Sector-7, Kurukshetra - HSPCB",2026-05-09 17:00:00,29.966942,76.875879,28.0,5.0,9.0,19.0,60.0,58.0,6.0
India,Haryana,Mandikhera,"General Hospital, Mandikhera(Nuh) - HSPCB",2026-05-09 17:00:00,27.9002,76.9938,48.0,,,48.0,,,
India,Haryana,Manesar,"Sector-2 IMT, Manesar - HSPCB",2026-05-09 17:00:00,28.360699,76.93609,14.0,,,30.0,,,
India,Haryana,Narnaul,"Shastri Nagar, Narnaul - HSPCB",2026-05-09 17:00:00,28.060249,76.113115,22.0,7.0,48.0,56.0,69.0,50.0,10.0
India,Haryana,Palwal,"Shyam Nagar, Palwal - HSPCB",2026-05-09 17:00:00,28.1485564,77.3320667,42.0,6.0,24.0,10.0,53.0,35.0,13.0
India,Haryana,Panchgaon,"Amity University, Panchgaon - IITM",2026-05-09 17:00:00,28.3153,76.9143,49.0,7.0,92.0,48.0,73.0,82.0,16.0
India,Haryana,Panchkula,"Sector-6, Panchkula - HSPCB",2026-05-09 17:00:00,30.7057778,76.8531805555555,19.0,,29.0,50.0,,23.0,11.0
India,Haryana,Panipat,"Sector-18, Panipat - HSPCB",2026-05-09 17:00:00,29.432304,76.972765,27.0,9.0,7.0,42.0,101.0,43.0,49.0
India,Haryana,Rohtak,"MD University, Rohtak - HSPCB",2026-05-09 17:00:00,28.52123,76.37138,35.0,,10.0,35.0,27.0,23.0,11.0
India,Haryana,Sirsa,"F-Block, Sirsa - HSPCB",2026-05-09 17:00:00,29.5364,75.0158,84.0,15.0,22.0,43.0,50.0,22.0,40.0
India,Haryana,Sonipat,"Murthal, Sonipat - HSPCB",2026-05-09 17:00:00,29.0272,77.0621,79.0,9.0,7.0,50.0,56.0,35.0,43.0
India,Haryana,Yamuna Nagar,"Gobind Pura, Yamuna Nagar - HSPCB",2026-05-09 17:00:00,30.1480566,77.2893471,50.0,4.0,16.0,63.0,82.0,87.0,12.0
India,Himachal Pradesh,Baddi,"HIMUDA Complex Phase-1, Baddi - HPPCB",2026-05-09 17:00:00,30.943887,76.801991,97.0,3.0,14.0,37.0,112.0,65.0,11.0
India,Jammu and Kashmir,Pampore,"Khrew, Pampore - JKPCC",2026-05-09 17:00:00,34.031606,75.009712,,,2.0,,56.0,39.0,2.0
India,Jammu and Kashmir,Srinagar,"Khunmoh, Srinagar - JKPCC",2026-05-09 17:00:00,34.06313,74.96017,,,21.0,,57.0,6.0,4.0
India,Jammu and Kashmir,Srinagar,"Rajbagh, Srinagar - JKPCC",2026-05-09 17:00:00,34.066206,74.81982,13.0,9.0,19.0,1.0,35.0,22.0,3.0
India,Jharkhand,Dhanbad,"Sardar Patel Nagar, Dhanbad - JSPCB",2026-05-09 17:00:00,23.80569,86.44268,8.0,,103.0,27.0,,,
India,Jharkhand,Jorapokhar,"Tata Stadium, Jorapokhar - JSPCB",2026-05-09 17:00:00,23.707909,86.41467,39.0,3.0,8.0,6.0,82.0,49.0,21.0
India,Karnataka,Bengaluru,"Bapuji Nagar, Bengaluru - KSPCB",2026-05-09 17:00:00,12.951913,77.539784,32.0,3.0,22.0,27.0,43.0,22.0,25.0
India,Karnataka,Bengaluru,"City Railway Station, Bengaluru - KSPCB",2026-05-09 17:00:00,12.9756843,77.5660749,56.0,,31.0,,100.0,,12.0
India,Karnataka,Bengaluru,"Hebbal, Bengaluru - KSPCB",2026-05-09 17:00:00,13.029152,77.585901,15.0,2.0,19.0,4.0,32.0,22.0,14.0
India,Karnataka,Bengaluru,"Hombegowda Nagar, Bengaluru - KSPCB",2026-05-09 17:00:00,12.938539,77.5901,20.0,1.0,19.0,49.0,36.0,20.0,6.0
India,Karnataka,Bengaluru,"Jayanagar 5th Block, Bengaluru - KSPCB",2026-05-09 17:00:00,12.920984,77.584908,11.0,0.0,15.0,49.0,38.0,25.0,8.0
India,Karnataka,Bengaluru,"Jigani, Bengaluru - KSPCB",2026-05-09 17:00:00,12.7816279,77.6299145,26.0,4.0,22.0,18.0,78.0,45.0,14.0
India,Karnataka,Bengaluru,"Peenya, Bengaluru - CPCB",2026-05-09 17:00:00,13.0270199,77.494094,39.0,11.0,41.0,24.0,77.0,,12.0
India,Karnataka,Bengaluru,"Shivapura_Peenya, Bengaluru - KSPCB",2026-05-09 17:00:00,13.0246342,77.5080115,,3.0,40.0,25.0,,38.0,4.0
India,Karnataka,Bengaluru,"Silk Board, Bengaluru - KSPCB",2026-05-09 17:00:00,12.917348,77.622813,41.0,2.0,17.0,21.0,123.0,103.0,20.0
India,Karnataka,Chamarajanagar,"Urban, Chamarajanagar - KSPCB",2026-05-09 17:00:00,11.55358,76.55521,24.0,2.0,28.0,32.0,44.0,30.0,4.0
India,Karnataka,Chikkaballapur,"Chikkaballapur Rural, Chikkaballapur - KSPCB",2026-05-09 17:00:00,13.428828,77.731418,22.0,1.0,4.0,19.0,54.0,12.0,19.0
India,Karnataka,Chikkamagaluru,"Kalyana Nagara, Chikkamagaluru - KSPCB",2026-05-09 17:00:00,13.328028,75.797056,11.0,,,24.0,,,
India,Karnataka,Dharwad,"Kalabhavan, Dharwad - KSPCB",2026-05-09 17:00:00,15.459706,75.008381,37.0,7.0,26.0,28.0,72.0,50.0,7.0
India,Karnataka,Gadag,"Panchal Nagar, Gadag - KSPCB",2026-05-09 17:00:00,15.411456,75.638133,80.0,3.0,25.0,19.0,36.0,38.0,32.0
India,Karnataka,Hubballi,"Lingaraj Nagar, Hubballi - KSPCB",2026-05-09 17:00:00,15.3714823,75.1160168,13.0,2.0,9.0,24.0,49.0,33.0,2.0
India,Karnataka,Kalaburagi,"Mahatma Basaveswar Colony, Kalaburgi - KSPCB",2026-05-09 17:00:00,17.336318,76.847397,31.0,2.0,13.0,15.0,37.0,26.0,5.0
India,Karnataka,Karwar,"KHB Colony, Karwar - KSPCB",2026-05-09 17:00:00,14.816666,74.141003,,1.0,10.0,,16.0,12.0,
India,Karnataka,Madikeri,"Stuart Hill, Madikeri - KSPCB",2026-05-09 17:00:00,12.415911,75.73505,14.0,1.0,2.0,3.0,23.0,22.0,7.0
India,Karnataka,Mysuru,"Hebbal 1st Stage, Mysuru - KSPCB",2026-05-09 17:00:00,12.21041,76.37376,17.0,4.0,17.0,32.0,63.0,24.0,3.0
India,Karnataka,Ramanagara,"Vijay Nagar, Ramanagara - KSPCB",2026-05-09 17:00:00,12.733409,77.298051,29.0,,,27.0,29.0,14.0,17.0
India,Karnataka,Shivamogga,"Vinoba Nagara, Shivamogga - KSPCB",2026-05-09 17:00:00,13.94,75.555917,9.0,2.0,19.0,39.0,57.0,40.0,4.0
India,Karnataka,Vijayapura,"Ibrahimpur, Vijayapura - KSPCB",2026-05-09 17:00:00,16.802639,75.722694,21.0,4.0,11.0,16.0,43.0,27.0,3.0
India,Karnataka,Yadgir,"Collector Office, Yadgir - KSPCB",2026-05-09 17:00:00,16.7602,77.1428,10.0,1.0,2.0,22.0,39.0,11.0,16.0
India,Kerala,Eloor,"Udyogamandal, Eloor - Kerala PCB",2026-05-09 17:00:00,10.073232,76.302765,17.0,0.0,6.0,26.0,56.0,43.0,1.0
India,Kerala,Kannur,"Thavakkara, Kannur - Kerala PCB",2026-05-09 17:00:00,11.875,75.3732,18.0,1.0,11.0,30.0,78.0,76.0,0.0
India,Kerala,Thiruvananthapuram,"Kariavattom, Thiruvananthapuram - Kerala PCB",2026-05-09 17:00:00,8.5637,76.8865,22.0,0.0,6.0,31.0,74.0,40.0,5.0
India,Kerala,Thiruvananthapuram,"Plammoodu, Thiruvananthapuram - Kerala PCB",2026-05-09 17:00:00,8.5149093,76.9435879,11.0,1.0,4.0,19.0,30.0,20.0,14.0
India,Kerala,Thrissur,"Corporation Ground, Thrissur - Kerala PCB",2026-05-09 17:00:00,10.5324,76.2159,24.0,0.0,9.0,32.0,50.0,52.0,0.0
India,Madhya Pradesh,Bhopal,"Idgah Hills, Bhopal - MPPCB",2026-05-09 17:00:00,23.264759,77.381568,18.0,,,10.0,,,
India,Madhya Pradesh,Bhopal,"Paryavaran Parisar, Bhopal - MPPCB",2026-05-09 17:00:00,23.210494,77.425409,16.0,2.0,7.0,33.0,37.0,32.0,5.0
India,Madhya Pradesh,Bhopal,"T T Nagar, Bhopal - MPPCB",2026-05-09 17:00:00,23.233584,77.400574,7.0,6.0,11.0,19.0,35.0,29.0,24.0
India,Madhya Pradesh,Damoh,"Shrivastav Colony, Damoh - MPPCB",2026-05-09 17:00:00,23.81748678,79.446246,18.0,,6.0,,14.0,11.0,50.0
India,Madhya Pradesh,Dewas,"Bhopal Chauraha, Dewas - MPPCB",2026-05-09 17:00:00,22.9682591,76.064118,24.0,2.0,55.0,52.0,41.0,25.0,56.0
India,Madhya Pradesh,Gwalior,"City Center, Gwalior - MPPCB",2026-05-09 17:00:00,26.203442,78.193251,31.0,2.0,50.0,51.0,29.0,28.0,27.0
India,Madhya Pradesh,Gwalior,"Deen Dayal Nagar, Gwalior - MPPCB",2026-05-09 17:00:00,26.259242,78.216432,56.0,3.0,73.0,27.0,26.0,14.0,10.0
India,Madhya Pradesh,Gwalior,"Maharaj Bada, Gwalior - MPPCB",2026-05-09 17:00:00,26.200388,78.147714,79.0,4.0,17.0,28.0,35.0,25.0,13.0
India,Madhya Pradesh,Indore,"Airport Area, Indore - IMC",2026-05-09 17:00:00,22.7289,75.8076,35.0,0.0,21.0,5.0,40.0,46.0,9.0
India,Madhya Pradesh,Indore,"Chhoti Gwaltoli, Indore - MPPCB",2026-05-09 17:00:00,22.431,75.5213,31.0,7.0,62.0,21.0,66.0,51.0,17.0
India,Madhya Pradesh,Indore,"Maguda Nagar, Indore - IMC",2026-05-09 17:00:00,22.7524,75.8872,31.0,,3.0,11.0,,27.0,21.0
India,Madhya Pradesh,Indore,"Regional Park, Indore - IMC",2026-05-09 17:00:00,22.678,75.8559,,2.0,3.0,6.0,23.0,23.0,48.0
India,Madhya Pradesh,Indore,"Residency Area, Indore - IMC",2026-05-09 17:00:00,22.7084,75.8815,2.0,0.0,,7.0,37.0,36.0,5.0
India,Madhya Pradesh,Jabalpur,"Govindh Bhavan Colony, Jabalpur - JMC",2026-05-09 17:00:00,23.163174,79.973061,32.0,6.0,64.0,35.0,18.0,16.0,7.0
India,Madhya Pradesh,Jabalpur,"Marhatal, Jabalpur - MPPCB",2026-05-09 17:00:00,23.168606,79.932247,55.0,4.0,28.0,16.0,17.0,18.0,12.0
India,Madhya Pradesh,Jabalpur,"Suhagi, Jabalpur - JMC",2026-05-09 17:00:00,23.218135,79.95777,40.0,6.0,44.0,19.0,29.0,25.0,6.0
India,Madhya Pradesh,Katni,"Gole Bazar, Katni - MPPCB",2026-05-09 17:00:00,23.50016,80.23284,34.0,,,17.0,,,
India,Madhya Pradesh,Maihar,"Sahilara, Maihar - KJS Cements",2026-05-09 17:00:00,24.2613009,80.7231783,25.0,,29.0,,59.0,41.0,12.0
India,Madhya Pradesh,Mandideep,"Sector-D Industrial Area, Mandideep - MPPCB",2026-05-09 17:00:00,23.10844,77.511428,17.0,3.0,34.0,26.0,54.0,45.0,4.0
India,Madhya Pradesh,Pithampur,"Sector-2 Industrial Area, Pithampur - MPPCB",2026-05-09 17:00:00,22.624758,75.675238,32.0,7.0,15.0,37.0,74.0,75.0,35.0
India,Madhya Pradesh,Ratlam,"Shasthri Nagar, Ratlam - IPCA Lab",2026-05-09 17:00:00,23.331731,75.045981,,,45.0,,34.0,31.0,10.0
India,Madhya Pradesh,Sagar,"Civil Lines, Sagar - MPPCB",2026-05-09 17:00:00,23.838586,78.759431,21.0,,,26.0,,,
India,Madhya Pradesh,Satna,"Bandhavgar Colony, Satna - Birla Cement",2026-05-09 17:00:00,24.58434363,80.8549414,13.0,,13.0,42.0,70.0,50.0,
India,Madhya Pradesh,Ujjain,"Mahashweta Nagar, Ujjain - MPPCB",2026-05-09 17:00:00,23.1633321,75.800225,26.0,10.0,9.0,47.0,41.0,39.0,3.0
India,Maharashtra,Ahmednagar,"Tarakpur, Ahmednagar - MPCB",2026-05-09 17:00:00,19.10122,74.73339,20.0,1.0,7.0,30.0,50.0,17.0,9.0
India,Maharashtra,Akola,"Ramdaspeth, Akola - MPCB",2026-05-09 17:00:00,20.719516,77.000253,30.0,7.0,30.0,10.0,29.0,22.0,4.0
India,Maharashtra,Ambernath,"Chinchpada, Ambernath - MPCB",2026-05-09 17:00:00,19.215784,73.199781,6.0,3.0,28.0,11.0,73.0,28.0,25.0
India,Maharashtra,Amravati,"Shivneri Colony, Amravati - MPCB",2026-05-09 17:00:00,20.9402359,77.7895248,11.0,2.0,6.0,8.0,27.0,19.0,4.0
India,Maharashtra,Amravati,"Shri Shivaji Science College, Amravati - MPCB",2026-05-09 17:00:00,20.939198,77.765701,26.0,3.0,7.0,10.0,32.0,25.0,5.0
India,Maharashtra,Aurangabad,"MIDC Chilkalthana, Aurangabad - MPCB",2026-05-09 17:00:00,19.87562,75.38731,25.0,1.0,12.0,26.0,42.0,29.0,6.0
India,Maharashtra,Aurangabad,"More Chowk Waluj, Aurangabad - MPCB",2026-05-09 17:00:00,19.8389439,75.244448,39.0,7.0,10.0,25.0,39.0,37.0,4.0
India,Maharashtra,Aurangabad,"Rachnakar Colony, Aurangabad - MPCB",2026-05-09 17:00:00,19.863756,75.321188,24.0,1.0,13.0,10.0,44.0,35.0,5.0
India,Maharashtra,Badlapur,"Katrap, Badlapur - MPCB",2026-05-09 17:00:00,19.16485,73.23409,34.0,12.0,20.0,4.0,27.0,21.0,8.0
India,Maharashtra,Beed,"Bir, Beed - MPCB",2026-05-09 17:00:00,18.988474,75.753873,16.0,3.0,11.0,19.0,33.0,23.0,7.0
India,Maharashtra,Belapur,"CBD Belapur, Belapur - MPCB",2026-05-09 17:00:00,19.0243902,73.0406721,42.0,3.0,24.0,12.0,46.0,32.0,7.0
India,Maharashtra,Bhiwandi,"Gokul Nagar, Bhiwandi - MPCB",2026-05-09 17:00:00,19.309073,73.057223,16.0,11.0,33.0,32.0,46.0,27.0,3.0
India,Maharashtra,Boisar,"Khaira, Boisar - MPCB",2026-05-09 17:00:00,19.786089,72.757971,21.0,5.0,,,38.0,31.0,6.0
India,Maharashtra,Chandrapur,"Chauhan Colony, Chandrapur - MPCB",2026-05-09 17:00:00,19.9629,79.298714,30.0,1.0,16.0,5.0,69.0,52.0,12.0
India,Maharashtra,Chandrapur,"MIDC Khutala, Chandrapur - MPCB",2026-05-09 17:00:00,19.9775302,79.2337086,39.0,3.0,22.0,23.0,75.0,38.0,
India,Maharashtra,Dhule,"Deopur, Dhule - MPCB",2026-05-09 17:00:00,20.918946,74.776388,5.0,,8.0,11.0,20.0,,
India,Maharashtra,Dombivli,"Kalu Nagar, Dombivli - MPCB",2026-05-09 17:00:00,19.2268427,73.0788456,10.0,2.0,16.0,34.0,16.0,9.0,25.0
India,Maharashtra,Hingoli,"Ashta Vinayak Nagar, Hingoli - MPCB",2026-05-09 17:00:00,19.710842,77.151824,13.0,2.0,7.0,30.0,58.0,31.0,5.0
India,Maharashtra,Jalgaon,"Prabhat Colony, Jalgaon - MPCB",2026-05-09 17:00:00,21.001264,75.565602,33.0,1.0,4.0,21.0,37.0,31.0,3.0
India,Maharashtra,Jalna,"Old MIDC, Jalna - MPCB",2026-05-09 17:00:00,19.854616,75.905894,26.0,4.0,19.0,74.0,84.0,,2.0
India,Maharashtra,Kalyan,"Pimpleshwar Mandir, Kalyan - MPCB",2026-05-09 17:00:00,19.192056,72.9585188,46.0,,,9.0,60.0,,
India,Maharashtra,Kolhapur,"Shivaji University, Kolhapur - MPCB",2026-05-09 17:00:00,16.6870449,74.2505872,17.0,3.0,12.0,15.0,32.0,21.0,
India,Maharashtra,Kolhapur,"Sinchan Bhavan, Kolhapur - MPCB",2026-05-09 17:00:00,16.7143745,74.2426398,8.0,1.0,6.0,22.0,23.0,18.0,1.0
India,Maharashtra,Latur,"Sawe Wadi, Latur - MPCB",2026-05-09 17:00:00,18.39963,76.57452,10.0,3.0,10.0,26.0,36.0,21.0,4.0
India,Maharashtra,Mahad,"Kamble Tarf Birwadi, Mahad - MPCB",2026-05-09 17:00:00,18.1023399,73.4783687,26.0,5.0,8.0,22.0,39.0,24.0,8.0
India,Maharashtra,Malegaon,"Mahesh Nagar, Malegaon - MPCB",2026-05-09 17:00:00,20.555712,74.529236,13.0,1.0,17.0,22.0,85.0,76.0,3.0
India,Maharashtra,Mira-Bhayandar,"Bhayandar West, Mira-Bhayandar - MPCB",2026-05-09 17:00:00,19.296481,72.840923,10.0,6.0,8.0,9.0,35.0,27.0,1.0
India,Maharashtra,Mumbai,"Bandra Kurla Complex, Mumbai - IITM",2026-05-09 17:00:00,19.053536,72.84643,31.0,8.0,13.0,18.0,58.0,14.0,4.0
India,Maharashtra,Mumbai,"Bandra Kurla Complex, Mumbai - MPCB",2026-05-09 17:00:00,19.065931,72.862131,23.0,0.0,0.0,14.0,38.0,21.0,3.0
India,Maharashtra,Mumbai,"Borivali East, Mumbai - IITM",2026-05-09 17:00:00,19.23241,72.86895,23.0,4.0,9.0,26.0,29.0,19.0,
India,Maharashtra,Mumbai,"Borivali East, Mumbai - MPCB",2026-05-09 17:00:00,19.2243333,72.8658113,7.0,2.0,10.0,,27.0,15.0,18.0
India,Maharashtra,Mumbai,"Byculla, Mumbai - BMC",2026-05-09 17:00:00,18.9767,72.838,41.0,2.0,13.0,6.0,25.0,14.0,2.0
India,Maharashtra,Mumbai,"Chakala-Andheri East, Mumbai - IITM",2026-05-09 17:00:00,19.11074,72.86084,21.0,7.0,30.0,9.0,38.0,6.0,4.0
India,Maharashtra,Mumbai,"Chembur, Mumbai - MPCB",2026-05-09 17:00:00,19.0364585,72.8954371,16.0,14.0,10.0,14.0,28.0,14.0,3.0
India,Maharashtra,Mumbai,"Chhatrapati Shivaji Intl. Airport (T2), Mumbai - MPCB",2026-05-09 17:00:00,19.10078,72.87462,,1.0,13.0,,27.0,24.0,7.0
India,Maharashtra,Mumbai,"Deonar, Mumbai - IITM",2026-05-09 17:00:00,19.04946,72.923,36.0,7.0,8.0,10.0,42.0,17.0,3.0
India,Maharashtra,Mumbai,"Ghatkopar, Mumbai - BMC",2026-05-09 17:00:00,19.083694,72.920967,19.0,11.0,,4.0,37.0,36.0,3.0
India,Maharashtra,Mumbai,"Kandivali West, Mumbai - BMC",2026-05-09 17:00:00,19.215859,72.831718,7.0,5.0,13.0,18.0,31.0,29.0,2.0
India,Maharashtra,Mumbai,"Kherwadi_Bandra East, Mumbai - MPCB",2026-05-09 17:00:00,19.0632143,72.8456324,32.0,5.0,4.0,21.0,55.0,22.0,3.0
India,Maharashtra,Mumbai,"Khindipada-Bhandup West, Mumbai - IITM",2026-05-09 17:00:00,19.1653323,72.922099,29.0,1.0,11.0,17.0,25.0,10.0,10.0
India,Maharashtra,Mumbai,"Kurla, Mumbai - MPCB",2026-05-09 17:00:00,19.0863,72.8888,25.0,2.0,9.0,28.0,,,29.0
India,Maharashtra,Mumbai,"Malad West, Mumbai - IITM",2026-05-09 17:00:00,19.19709,72.82204,32.0,2.0,9.0,11.0,35.0,16.0,8.0
India,Maharashtra,Mumbai,"Mazgaon, Mumbai - IITM",2026-05-09 17:00:00,18.96702,72.84214,64.0,5.0,24.0,21.0,38.0,20.0,9.0
India,Maharashtra,Mumbai,"Mindspace-Malad West, Mumbai - MPCB",2026-05-09 17:00:00,19.1878657,72.8304069,15.0,7.0,18.0,18.0,40.0,22.0,4.0
India,Maharashtra,Mumbai,"Mulund West, Mumbai - MPCB",2026-05-09 17:00:00,19.175,72.9419,10.0,4.0,13.0,,,24.0,
India,Maharashtra,Mumbai,"Navy Nagar-Colaba, Mumbai - IITM",2026-05-09 17:00:00,18.897756,72.81332,22.0,2.0,35.0,20.0,38.0,28.0,10.0
India,Maharashtra,Mumbai,"Powai, Mumbai - MPCB",2026-05-09 17:00:00,19.1375,72.915056,,,6.0,,,,12.0
India,Maharashtra,Mumbai,"Sewri, Mumbai - BMC",2026-05-09 17:00:00,19.000084,72.85673,21.0,5.0,26.0,13.0,41.0,26.0,4.0
India,Maharashtra,Mumbai,"Shivaji Nagar, Mumbai - BMC",2026-05-09 17:00:00,19.060498,72.923356,18.0,5.0,11.0,12.0,83.0,31.0,5.0
India,Maharashtra,Mumbai,"Siddharth Nagar-Worli, Mumbai - IITM",2026-05-09 17:00:00,19.000083,72.813993,2.0,1.0,14.0,26.0,27.0,13.0,
India,Maharashtra,Mumbai,"Sion, Mumbai - MPCB",2026-05-09 17:00:00,19.047,72.8746,18.0,1.0,146.0,,12.0,9.0,5.0
India,Maharashtra,Mumbai,"Worli, Mumbai - MPCB",2026-05-09 17:00:00,18.9936162,72.8128113,37.0,0.0,8.0,7.0,45.0,19.0,12.0
India,Maharashtra,Nagpur,"Ambazari, Nagpur - MPCB",2026-05-09 17:00:00,21.121801,79.04952,25.0,2.0,12.0,10.0,42.0,30.0,11.0
India,Maharashtra,Nagpur,"Mahal, Nagpur - MPCB",2026-05-09 17:00:00,21.14472,79.107595,49.0,3.0,13.0,11.0,43.0,33.0,4.0
India,Maharashtra,Nagpur,"Opp GPO Civil Lines, Nagpur - MPCB",2026-05-09 17:00:00,21.152875,79.0517531,28.0,4.0,26.0,11.0,37.0,26.0,6.0
India,Maharashtra,Nagpur,"Ram Nagar, Nagpur - MPCB",2026-05-09 17:00:00,21.143383,79.048912,10.0,3.0,7.0,15.0,36.0,46.0,8.0
India,Maharashtra,Nanded,"Sneh Nagar, Nanded - MPCB",2026-05-09 17:00:00,19.173852,77.296291,24.0,2.0,7.0,34.0,39.0,32.0,17.0
India,Maharashtra,Nashik,"Gangapur Road, Nashik - MPCB",2026-05-09 17:00:00,20.0073285,73.7762427,27.0,3.0,5.0,19.0,30.0,18.0,4.0
India,Maharashtra,Nashik,"Hirawadi, Nashik - MPCB",2026-05-09 17:00:00,20.021503,73.813844,45.0,,,16.0,,,
India,Maharashtra,Nashik,"MIDC Ambad, Nashik - MPCB",2026-05-09 17:00:00,19.95022,73.73148,16.0,3.0,5.0,12.0,43.0,27.0,3.0
India,Maharashtra,Nashik,"Pandav Nagari, Nashik - MPCB",2026-05-09 17:00:00,19.9591346,73.7788008,17.0,2.0,5.0,11.0,25.0,21.0,2.0
India,Maharashtra,Navi Mumbai,"Kopripada-Vashi, Navi Mumbai - MPCB",2026-05-09 17:00:00,19.090337,73.014232,18.0,,7.0,15.0,51.0,34.0,2.0
India,Maharashtra,Navi Mumbai,"Mahape, Navi Mumbai - MPCB",2026-05-09 17:00:00,19.1135051,73.008978,29.0,1.0,43.0,9.0,75.0,27.0,14.0
India,Maharashtra,Navi Mumbai,"Sanpada, Navi Mumbai - MPCB",2026-05-09 17:00:00,19.0575752,73.0151367,7.0,5.0,8.0,3.0,38.0,23.0,8.0
India,Maharashtra,Navi Mumbai,"Sector-2E Kalamboli, Navi Mumbai - MPCB",2026-05-09 17:00:00,19.02579,73.10297,12.0,9.0,,11.0,35.0,24.0,4.0
India,Maharashtra,Navi Mumbai,"Tondare-Taloja, Navi Mumbai - MPCB",2026-05-09 17:00:00,19.063,73.1209,39.0,10.0,14.0,21.0,45.0,45.0,4.0
India,Maharashtra,Parbhani,"Masoom Colony, Parbhani - MPCB",2026-05-09 17:00:00,19.265594,76.761463,12.0,2.0,10.0,34.0,12.0,9.0,1.0
India,Maharashtra,Pimpri-Chinchwad,"Bhosari, Pune - IITM",2026-05-09 17:00:00,18.640051,73.848956,31.0,,29.0,20.0,59.0,30.0,
India,Maharashtra,Pimpri-Chinchwad,"Bhumkar Nagar, Pune - IITM",2026-05-09 17:00:00,18.60577,73.749976,19.0,,20.0,11.0,59.0,25.0,
India,Maharashtra,Pimpri-Chinchwad,"Gavalinagar, Pimpri Chinchwad - MPCB",2026-05-09 17:00:00,18.63673,73.82487,9.0,2.0,13.0,12.0,31.0,30.0,1.0
India,Maharashtra,Pimpri-Chinchwad,"Park Street Wakad, Pimpri Chinchwad - MPCB",2026-05-09 17:00:00,18.59051,73.77946,13.0,3.0,17.0,15.0,41.0,27.0,3.0
India,Maharashtra,Pimpri-Chinchwad,"Savta Mali Nagar, Pimpri-Chinchwad - IITM",2026-05-09 17:00:00,18.614767,73.799516,57.0,,27.0,11.0,47.0,26.0,
India,Maharashtra,Pimpri-Chinchwad,"Thergaon, Pimpri Chinchwad - MPCB",2026-05-09 17:00:00,18.616318,73.765797,25.0,3.0,7.0,11.0,60.0,22.0,1.0
India,Maharashtra,Pimpri-Chinchwad,"Transport Nagar-Nigdi, Pune - IITM",2026-05-09 17:00:00,18.664282,73.763966,40.0,,44.0,13.0,65.0,52.0,
India,Maharashtra,Pune,"Dhankawadi, Pune - IITM",2026-05-09 17:00:00,18.459883,73.852193,50.0,,13.0,7.0,,25.0,
India,Maharashtra,Pune,"Hadapsar, Pune - IITM",2026-05-09 17:00:00,18.501793,73.927532,70.0,,21.0,21.0,71.0,34.0,
India,Maharashtra,Pune,"Katraj Dairy, Pune - MPCB",2026-05-09 17:00:00,18.45445,73.854155,30.0,1.0,10.0,10.0,46.0,26.0,3.0
India,Maharashtra,Pune,"Mhada Colony, Pune - IITM",2026-05-09 17:00:00,18.57304,73.927715,61.0,,24.0,20.0,69.0,39.0,
India,Maharashtra,Pune,"Panchawati_Pashan, Pune - IITM",2026-05-09 17:00:00,18.536457,73.805454,26.0,,9.0,,51.0,32.0,
India,Maharashtra,Pune,"Revenue Colony-Shivajinagar, Pune - IITM",2026-05-09 17:00:00,18.530085,73.849598,70.0,,17.0,12.0,56.0,28.0,13.0
India,Maharashtra,Pune,"Savitribai Phule Pune University, Pune - MPCB",2026-05-09 17:00:00,18.547056,73.826908,31.0,3.0,8.0,18.0,40.0,19.0,4.0
India,Maharashtra,Sangli,"Vijay Nagar, Sangli - MPCB",2026-05-09 17:00:00,16.5038,74.3623,16.0,2.0,7.0,25.0,39.0,28.0,4.0
India,Maharashtra,Satara,"Koyana Nagar, Satara - MPCB",2026-05-09 17:00:00,17.696651,74.003387,15.0,1.0,5.0,19.0,70.0,35.0,5.0
India,Maharashtra,Solapur,"Dnyaneshwar Nagar, Solapur - MPCB",2026-05-09 17:00:00,17.6336264,75.9132495,10.0,8.0,7.0,18.0,41.0,21.0,2.0
India,Maharashtra,Solapur,"Ratandeep Housing Society, Solapur - MPCB",2026-05-09 17:00:00,17.65439,75.90649,18.0,4.0,17.0,25.0,41.0,34.0,2.0
India,Maharashtra,Thane,"Kasarvadavali, Thane - MPCB",2026-05-09 17:00:00,19.26777,72.97182,34.0,0.0,27.0,14.0,52.0,33.0,6.0
India,Maharashtra,Thane,"Upvan Fort, Thane - MPCB",2026-05-09 17:00:00,19.222279,72.957979,11.0,2.0,8.0,10.0,23.0,26.0,2.0
India,Maharashtra,Ulhasnagar,"Sidhi Vinayak Nagar, Ulhasnagar - MPCB",2026-05-09 17:00:00,19.235581,73.159121,7.0,2.0,10.0,48.0,39.0,37.0,3.0
India,Maharashtra,Ulhasnagar,"Vithalwadi, Ulhasnagar - MPCB",2026-05-09 17:00:00,19.2307571,73.155192,9.0,6.0,7.0,8.0,33.0,17.0,7.0
India,Maharashtra,Virar,"Bolinj, Virar - MPCB",2026-05-09 17:00:00,19.445821,72.7988231,12.0,5.0,9.0,2.0,37.0,25.0,4.0
India,Meghalaya,Byrnihat,"15th Mile-Nongthymmai, Byrnihat -Meghalaya PCB",2026-05-09 17:00:00,26.079047,91.875185,,0.0,2.0,,,,3.0
India,Meghalaya,Shillong,"Lumpyngngad, Shillong - Meghalaya PCB",2026-05-09 17:00:00,25.5586,91.8985,11.0,0.0,0.0,31.0,,,13.0
India,Mizoram,Aizawl,"Sikulpuikawn, Aizawl - Mizoram PCB",2026-05-09 17:00:00,23.7176342,92.7192841,3.0,,,0.0,,,
India,Nagaland,Kohima,"PWD Junction, Kohima - NPCB",2026-05-09 17:00:00,25.6635413,94.0989878,4.0,1.0,3.0,0.0,7.0,9.0,60.0
India,Odisha,Angul,"Hakimapada, Angul - OSPCB",2026-05-09 17:00:00,20.832874,85.104082,38.0,2.0,8.0,48.0,78.0,48.0,9.0
India,Odisha,Balasore,"Kalidaspur, Balasore - OSPCB",2026-05-09 17:00:00,21.51161,86.89088,54.0,3.0,8.0,77.0,72.0,63.0,10.0
India,Odisha,Barbil,"Forest Office, Barbil - OSPCB",2026-05-09 17:00:00,22.1166054,85.3945546,27.0,2.0,10.0,39.0,63.0,47.0,14.0
India,Odisha,Baripada,"Meher Colony, Baripada - OSPCB",2026-05-09 17:00:00,21.941841,86.728318,14.0,,,46.0,,,
India,Odisha,Bhubaneswar,"Lingraj Mandir, Bhubaneswar - OSPCB",2026-05-09 17:00:00,20.24079,85.836784,48.0,4.0,20.0,25.0,71.0,60.0,7.0
India,Odisha,Bhubaneswar,"Patia, Bhubaneswar - OSPCB",2026-05-09 17:00:00,20.34652,85.8163,36.0,7.0,13.0,40.0,56.0,36.0,9.0
India,Odisha,Bileipada,"Tata Township, Bileipada - OSPCB",2026-05-09 17:00:00,22.06156703,85.47409613,28.0,5.0,15.0,17.0,107.0,47.0,7.0
India,Odisha,Brajrajnagar,"GM Office, Brajrajnagar - OSPCB",2026-05-09 17:00:00,21.8004996,83.8396977,52.0,4.0,29.0,43.0,90.0,90.0,17.0
India,Odisha,Byasanagar,"Ferro Chrome Colony, Byasanagar - OSPCB",2026-05-09 17:00:00,20.94185,86.1151,42.0,2.0,9.0,68.0,55.0,59.0,12.0
India,Odisha,Cuttack,"CDA Area, Cuttack - OSPCB",2026-05-09 17:00:00,20.48891,85.84768,19.0,7.0,19.0,46.0,58.0,38.0,8.0
India,Odisha,Keonjhar,"Jagamohanpur, Keonjhar - OSPCB",2026-05-09 17:00:00,21.6439,85.599355,40.0,2.0,14.0,15.0,42.0,33.0,21.0
India,Odisha,Nayagarh,"Dabuna, Nayagarh - OSPCB",2026-05-09 17:00:00,21.847279,85.416905,5.0,9.0,7.0,14.0,49.0,48.0,19.0
India,Odisha,Rairangpur,"Divisional Forest Office, Rairangpur - OSPCB",2026-05-09 17:00:00,22.265816,86.174829,14.0,,,13.0,65.0,47.0,
India,Odisha,Rourkela,"Fertilizer Township, Rourkela - OSPCB",2026-05-09 17:00:00,22.18972222,84.86277778,28.0,,11.0,,43.0,39.0,12.0
India,Odisha,Rourkela,"Raghunathpali, Rourkela - OSPCB",2026-05-09 17:00:00,22.220833,84.809444,27.0,1.0,9.0,19.0,63.0,76.0,4.0
India,Odisha,Rourkela,"Sector-2, Rourkela - OSPCB",2026-05-09 17:00:00,22.245,84.88111111,10.0,,14.0,,48.0,40.0,
India,Odisha,Talcher,"Talcher Coalfields,Talcher - OSPCB",2026-05-09 17:00:00,20.9360711,85.1707021,23.0,6.0,78.0,15.0,79.0,46.0,10.0
India,Odisha,Tensa,"Barsua Iron Ore Mines, Tensa - OSPCB",2026-05-09 17:00:00,21.869985,85.167016,21.0,,,13.0,40.0,12.0,25.0
India,Puducherry,Puducherry,"Jawahar Nagar, Puducherry - PPCC",2026-05-09 17:00:00,11.9309,79.8027,19.0,3.0,11.0,35.0,33.0,21.0,7.0
India,Punjab,Amritsar,"Golden Temple, Amritsar - PPCB",2026-05-09 17:00:00,31.62,74.876512,27.0,7.0,22.0,12.0,97.0,74.0,17.0
India,Punjab,Bathinda,"Hardev Nagar, Bathinda - PPCB",2026-05-09 17:00:00,30.233011,74.907758,25.0,,30.0,,34.0,27.0,15.0
India,Punjab,Jalandhar,"Civil Line, Jalandhar - PPCB",2026-05-09 17:00:00,31.321907,75.578914,41.0,4.0,43.0,34.0,52.0,60.0,9.0
India,Punjab,Khanna,"Kalal Majra, Khanna - PPCB",2026-05-09 17:00:00,30.736056,76.209694,70.0,7.0,21.0,32.0,78.0,45.0,9.0
India,Punjab,Mandi Gobindgarh,"RIMT University, Mandi Gobindgarh - PPCB",2026-05-09 17:00:00,30.649961,76.331442,46.0,5.0,25.0,64.0,84.0,55.0,13.0
India,Punjab,Patiala,"Model Town, Patiala - PPCB",2026-05-09 17:00:00,30.349388,76.366642,16.0,6.0,14.0,39.0,26.0,22.0,21.0
India,Punjab,Rupnagar,"Ratanpura, Rupnagar - Ambuja Cements",2026-05-09 17:00:00,31.0325454,76.5623046,56.0,,26.0,,36.0,33.0,11.0
India,Rajasthan,Ajmer,"Civil Lines,  Ajmer - RSPCB",2026-05-09 17:00:00,26.470859,74.646594,45.0,6.0,17.0,12.0,63.0,56.0,9.0
India,Rajasthan,Alwar,"Moti Doongri, Alwar - RSPCB",2026-05-09 17:00:00,27.554793,76.611536,91.0,8.0,41.0,34.0,87.0,59.0,26.0
India,Rajasthan,Alwar,"Vigyan Nagar, Alwar - RSPCB",2026-05-09 17:00:00,27.598796,76.63861,48.0,13.0,11.0,17.0,68.0,25.0,7.0
India,Rajasthan,Banswara,"Rati Talai, Banswara - RSPCB",2026-05-09 17:00:00,23.55519,74.44001,28.0,3.0,30.0,30.0,67.0,25.0,8.0
India,Rajasthan,Baran,"Bamboliya, Baran - RSPCB",2026-05-09 17:00:00,25.106006,76.469948,37.0,6.0,30.0,24.0,31.0,8.0,6.0
India,Rajasthan,Barmer,"Railway Colony, Barmer - RSPCB",2026-05-09 17:00:00,25.747299,71.393989,16.0,3.0,6.0,39.0,68.0,22.0,3.0
India,Rajasthan,Bharatpur,"Krishna Nagar, Bharatpur - RSPCB",2026-05-09 17:00:00,27.215415,77.50873,22.0,3.0,6.0,40.0,30.0,21.0,4.0
India,Rajasthan,Bhilwara,"Pratap Nagar, Bhilwara - RSPCB",2026-05-09 17:00:00,25.339605,74.618883,18.0,5.0,15.0,28.0,70.0,59.0,9.0
India,Rajasthan,Bhiwadi,"RIICO Ind. Area III, Bhiwadi - RSPCB",2026-05-09 17:00:00,28.194909,76.862296,69.0,6.0,23.0,19.0,85.0,106.0,7.0
India,Rajasthan,Bhiwadi,"Vasundhara Nagar_UIT, Bhiwadi - RSPCB",2026-05-09 17:00:00,28.207266,76.829265,25.0,,25.0,20.0,78.0,44.0,3.0
India,Rajasthan,Bikaner,"MM Ground, Bikaner - RSPCB",2026-05-09 17:00:00,28.018792,73.292658,8.0,5.0,15.0,31.0,100.0,27.0,4.0
India,Rajasthan,Bundi,"New Colony, Bundi - RSPCB",2026-05-09 17:00:00,25.435774,75.644272,9.0,4.0,16.0,24.0,49.0,31.0,7.0
India,Rajasthan,Chittorgarh,"Shastri Nagar, Chittorgarh - RSPCB",2026-05-09 17:00:00,24.892047,74.623527,15.0,10.0,14.0,24.0,58.0,45.0,6.0
India,Rajasthan,Churu,"Subash Chowk, Churu - RSPCB",2026-05-09 17:00:00,28.296139,74.961696,21.0,7.0,7.0,58.0,79.0,30.0,5.0
India,Rajasthan,Dausa,"Khatikan Mohalla, Dausa - RSPCB",2026-05-09 17:00:00,26.895552,76.334753,36.0,8.0,18.0,24.0,,,3.0
India,Rajasthan,Dholpur,"Raja Ganj, Dholpur - RSPCB",2026-05-09 17:00:00,26.699557,77.898881,24.0,,,17.0,,,
India,Rajasthan,Dungarpur,"Bhoiwada, Dungarpur - RSPCB",2026-05-09 17:00:00,23.837789,73.714926,22.0,8.0,8.0,33.0,67.0,32.0,4.0
India,Rajasthan,Hanumangarh,"Housing Board, Hanumangarh - RSPCB",2026-05-09 17:00:00,29.61075,74.283608,27.0,7.0,7.0,50.0,65.0,50.0,4.0
India,Rajasthan,Jaipur,"Adarsh Nagar, Jaipur - RSPCB",2026-05-09 17:00:00,26.902909,75.836858,45.0,7.0,22.0,18.0,35.0,38.0,24.0
India,Rajasthan,Jaipur,"Mansarovar Sector-12, Jaipur - RSPCB",2026-05-09 17:00:00,26.843698,75.766894,24.0,4.0,28.0,33.0,36.0,35.0,3.0
India,Rajasthan,Jaipur,"Police Commissionerate, Jaipur - RSPCB",2026-05-09 17:00:00,26.9164092,75.7994901,38.0,7.0,52.0,31.0,41.0,44.0,9.0
India,Rajasthan,Jaipur,"RIICO Sitapura, Jaipur - RSPCB",2026-05-09 17:00:00,26.786682,75.827928,52.0,9.0,52.0,20.0,33.0,21.0,5.0
India,Rajasthan,Jaipur,"Sector-2 Murlipura, Jaipur - RSPCB",2026-05-09 17:00:00,26.960669,75.771817,23.0,5.0,26.0,10.0,34.0,20.0,
India,Rajasthan,Jaipur,"Shastri Nagar, Jaipur - RSPCB",2026-05-09 17:00:00,26.9502929,75.730943,33.0,9.0,32.0,24.0,51.0,69.0,25.0
India,Rajasthan,Jaisalmer,"Sadar Bazar, Jaisalmer - RSPCB",2026-05-09 17:00:00,26.912329,70.909168,17.0,10.0,30.0,41.0,73.0,23.0,4.0
India,Rajasthan,Jalore,"Mudtra Sili, Jalore - RSPCB",2026-05-09 17:00:00,25.344694,72.626208,26.0,2.0,7.0,39.0,69.0,25.0,4.0
India,Rajasthan,Jhalawar,"Rajlaxmi Nagar, Jhalawar - RSPCB",2026-05-09 17:00:00,24.588397,76.172782,46.0,3.0,34.0,20.0,48.0,31.0,8.0
India,Rajasthan,Jhunjhunu,"Indra Nagar, Jhunjhunu - RSPCB",2026-05-09 17:00:00,28.108988,75.386577,15.0,5.0,14.0,48.0,45.0,18.0,4.0
India,Rajasthan,Jodhpur,"Collectorate, Jodhpur - RSPCB",2026-05-09 17:00:00,26.268249,73.0193853,80.0,4.0,19.0,14.0,55.0,38.0,10.0
India,Rajasthan,Jodhpur,"Digari Kalan, Jodhpur - RSPCB",2026-05-09 17:00:00,26.29581,73.082283,12.0,5.0,13.0,49.0,56.0,18.0,7.0
India,Rajasthan,Jodhpur,"Jhalamand, Jodhpur - RSPCB",2026-05-09 17:00:00,26.215415,73.070156,10.0,6.0,7.0,16.0,64.0,25.0,3.0
India,Rajasthan,Jodhpur,"Mandor, Jodhpur - RSPCB",2026-05-09 17:00:00,26.358805,73.047444,11.0,3.0,4.0,63.0,60.0,21.0,7.0
India,Rajasthan,Jodhpur,"Samrat Ashok Udhyan, Jodhpur - RSPCB",2026-05-09 17:00:00,26.253384,72.976571,9.0,6.0,3.0,23.0,58.0,24.0,
India,Rajasthan,Karauli,"Satyawati Vihar, Karauli - RSPCB",2026-05-09 17:00:00,26.506177,77.025989,29.0,8.0,38.0,11.0,18.0,10.0,5.0
India,Rajasthan,Khairthal,"New Anaj Mandi, Khairthal - RSPCB",2026-05-09 17:00:00,27.8015617,76.6365217,110.0,3.0,33.0,27.0,137.0,141.0,1.0
India,Rajasthan,Kota,"Dhanmandi, Kota - RSPCB",2026-05-09 17:00:00,25.16409,75.858137,13.0,2.0,18.0,20.0,53.0,29.0,8.0
India,Rajasthan,Kota,"Nayapura, Kota - RSPCB",2026-05-09 17:00:00,25.196024,75.855668,22.0,6.0,16.0,25.0,55.0,30.0,7.0
India,Rajasthan,Kota,"Shrinath Puram, Kota - RSPCB",2026-05-09 17:00:00,25.14389,75.821256,37.0,5.0,10.0,9.0,54.0,46.0,7.0
India,Rajasthan,Nagaur,"Karni Colony, Nagaur - RSPCB",2026-05-09 17:00:00,27.213494,73.734444,11.0,4.0,8.0,36.0,92.0,26.0,3.0
India,Rajasthan,Pali,"Indira Colony Vistar, Pali - RSPCB",2026-05-09 17:00:00,25.771061,73.340227,24.0,6.0,16.0,50.0,108.0,63.0,9.0
India,Rajasthan,Pratapgarh,"Pragati Nagar, Pratapgarh - RSPCB",2026-05-09 17:00:00,24.041198,74.780702,16.0,4.0,10.0,36.0,56.0,34.0,2.0
India,Rajasthan,Rajsamand,"Dhoinda, Rajsamand - RSPCB",2026-05-09 17:00:00,25.03636,73.883502,25.0,7.0,8.0,34.0,72.0,36.0,4.0
India,Rajasthan,Sawai Madhopur,"Sahu Nagar, Sawai Madhopur - RSPCB",2026-05-09 17:00:00,26.031443,76.359327,18.0,2.0,12.0,47.0,40.0,15.0,6.0
India,Rajasthan,Sikar,"Radhakishan Pura, Sikar - RSPCB",2026-05-09 17:00:00,27.608912,75.153302,19.0,14.0,9.0,34.0,99.0,56.0,2.0
India,Rajasthan,Sirohi,"Vedhaynath Colony, Sirohi - RSPCB",2026-05-09 17:00:00,24.885261,72.857549,18.0,3.0,7.0,48.0,61.0,22.0,4.0
India,Rajasthan,Sri Ganganagar,"Old City, Sri Ganganagar - RSPCB",2026-05-09 17:00:00,29.931624,73.864511,55.0,,48.0,44.0,,,6.0
India,Rajasthan,Tonk,"Shastri Nagar, Tonk - RSPCB",2026-05-09 17:00:00,26.159933,75.780517,101.0,4.0,7.0,30.0,51.0,43.0,2.0
India,Rajasthan,Udaipur,"Ashok Nagar, Udaipur - RSPCB",2026-05-09 17:00:00,24.5886166,73.6321397,15.0,4.0,21.0,11.0,86.0,54.0,8.0
India,Sikkim,Gangtok,"Zero Point GICI, Gangtok - SSPCB",2026-05-09 17:00:00,27.33853,88.614099,3.0,1.0,8.0,2.0,,,1.0
India,Tamil Nadu,Chennai,"Arumbakkam, Chennai - TNPCB",2026-05-09 17:00:00,13.0664,80.2112,,2.0,17.0,,74.0,40.0,1.0
India,Tamil Nadu,Chennai,"Kodungaiyur, Chennai - TNPCB",2026-05-09 17:00:00,13.1278,80.2642,31.0,,,32.0,,,
India,Tamil Nadu,Chennai,"Manali Village, Chennai - TNPCB",2026-05-09 17:00:00,13.1662,80.2584,47.0,2.0,18.0,,41.0,32.0,12.0
India,Tamil Nadu,Chennai,"Manali, Chennai - CPCB",2026-05-09 17:00:00,13.164544,80.26285,30.0,7.0,11.0,11.0,,42.0,5.0
India,Tamil Nadu,Chennai,"Perungudi, Chennai - TNPCB",2026-05-09 17:00:00,12.9533,80.2357,33.0,0.0,7.0,1.0,174.0,122.0,4.0
India,Tamil Nadu,Chennai,"Royapuram, Chennai - TNPCB",2026-05-09 17:00:00,13.1036,80.2909,54.0,4.0,14.0,31.0,61.0,46.0,5.0
India,Tamil Nadu,Chennai,"Velachery Res. Area, Chennai - CPCB",2026-05-09 17:00:00,13.0052189,80.2398125,,3.0,12.0,12.0,97.0,46.0,6.0
India,Tamil Nadu,Coimbatore,"SIDCO Kurichi, Coimbatore - TNPCB",2026-05-09 17:00:00,10.942451,76.978996,42.0,1.0,22.0,20.0,23.0,,28.0
India,Tamil Nadu,Cuddalore,"Kudikadu, Cuddalore - TNPCB",2026-05-09 17:00:00,11.6829898,79.7532099,,,,,,,24.0
India,Tamil Nadu,Cuddalore,"Semmandalam, Cuddalore - TNPCB",2026-05-09 17:00:00,11.7637683,79.7499835,,6.0,,2.0,493.0,,
India,Tamil Nadu,Gummidipoondi,"Anthoni Pillai Nagar, Gummidipoondi - TNPCB",2026-05-09 17:00:00,13.4127,80.1081,,1.0,18.0,,93.0,99.0,18.0
India,Tamil Nadu,Thoothukudi,"Meelavittan, Thoothukudi - TNPCB",2026-05-09 17:00:00,8.816428,78.099039,20.0,,17.0,30.0,65.0,,13.0
India,Telangana,Hyderabad,"Bollaram Industrial Area, Hyderabad - TSPCB",2026-05-09 17:00:00,17.518,78.383,64.0,,,26.0,,,
India,Telangana,Hyderabad,"Central University, Hyderabad - TSPCB",2026-05-09 17:00:00,17.460103,78.334361,18.0,1.0,10.0,11.0,19.0,20.0,4.0
India,Telangana,Hyderabad,"ECIL Kapra, Hyderabad - TSPCB",2026-05-09 17:00:00,17.470431,78.566959,20.0,3.0,10.0,29.0,62.0,42.0,11.0
India,Telangana,Hyderabad,"ICRISAT Patancheru, Hyderabad - TSPCB",2026-05-09 17:00:00,17.5184,78.278777,49.0,2.0,20.0,84.0,61.0,32.0,6.0
India,Telangana,Hyderabad,"IDA Pashamylaram, Hyderabad - TSPCB",2026-05-09 17:00:00,17.5316895,78.218939,14.0,1.0,18.0,8.0,64.0,42.0,10.0
India,Telangana,Hyderabad,"IITH Kandi, Hyderabad - TSPCB",2026-05-09 17:00:00,17.585705,78.126199,34.0,3.0,11.0,24.0,71.0,43.0,11.0
India,Telangana,Hyderabad,"Kokapet, Hyderabad - TSPCB",2026-05-09 17:00:00,17.393559,78.339194,28.0,3.0,12.0,24.0,53.0,41.0,8.0
India,Telangana,Hyderabad,"Kompally Municipal Office, Hyderabad - TSPCB",2026-05-09 17:00:00,17.544899,78.486949,16.0,3.0,14.0,17.0,58.0,35.0,7.0
India,Telangana,Hyderabad,"Nacharam_TSIIC IALA, Hyderabad - TSPCB",2026-05-09 17:00:00,17.429398,78.569354,32.0,3.0,12.0,24.0,69.0,42.0,11.0
India,Telangana,Hyderabad,"New Malakpet, Hyderabad - TSPCB",2026-05-09 17:00:00,17.37206,78.50864,34.0,3.0,14.0,25.0,53.0,40.0,9.0
India,Telangana,Hyderabad,"Ramachandrapuram, Hyderabad - TSPCB",2026-05-09 17:00:00,17.528544,78.286195,31.0,3.0,12.0,26.0,61.0,39.0,12.0
India,Telangana,Hyderabad,"Sanathnagar, Hyderabad - TSPCB",2026-05-09 17:00:00,17.4559458,78.4332152,80.0,,,14.0,,,
India,Telangana,Hyderabad,"Somajiguda, Hyderabad - TSPCB",2026-05-09 17:00:00,17.417094,78.457437,25.0,3.0,12.0,15.0,84.0,83.0,12.0
India,Telangana,Hyderabad,"Zoo Park, Hyderabad - TSPCB",2026-05-09 17:00:00,17.349694,78.451437,22.0,2.0,8.0,4.0,40.0,35.0,2.0
India,Tripura,Agartala,"Bardowali, Agartala - Tripura SPCB",2026-05-09 17:00:00,23.8175497,91.2726974,25.0,,13.0,5.0,95.0,55.0,13.0
India,Uttar Pradesh,Agra,"Manoharpur, Agra - UPPCB",2026-05-09 17:00:00,27.23711,78.01936,20.0,2.0,31.0,6.0,68.0,88.0,14.0
India,Uttar Pradesh,Agra,"Rohta, Agra - UPPCB",2026-05-09 17:00:00,27.106972,78.000111,34.0,6.0,16.0,15.0,34.0,29.0,18.0
India,Uttar Pradesh,Agra,"Sanjay Palace, Agra - UPPCB",2026-05-09 17:00:00,27.19865833,78.00598056,35.0,,13.0,8.0,57.0,25.0,18.0
India,Uttar Pradesh,Agra,"Sector-3B Avas Vikas Colony, Agra - UPPCB",2026-05-09 17:00:00,27.19412,77.96237,41.0,5.0,35.0,15.0,42.0,30.0,26.0
India,Uttar Pradesh,Agra,"Shahjahan Garden, Agra - UPPCB",2026-05-09 17:00:00,27.169338,78.03582,27.0,1.0,20.0,,39.0,26.0,57.0
India,Uttar Pradesh,Agra,"Shastripuram, Agra - UPPCB",2026-05-09 17:00:00,27.19862,77.92066,57.0,3.0,55.0,3.0,27.0,32.0,14.0
India,Uttar Pradesh,Baghpat,"Sardar Patel Inter College, Baghpat - UPPCB",2026-05-09 17:00:00,28.964949,77.278761,24.0,2.0,14.0,30.0,33.0,15.0,10.0
India,Uttar Pradesh,Bareilly,"Civil Lines, Bareilly - UPPCB",2026-05-09 17:00:00,28.359581,79.414455,28.0,0.0,8.0,2.0,28.0,32.0,32.0
India,Uttar Pradesh,Bareilly,"Rajendra Nagar, Bareilly - UPPCB",2026-05-09 17:00:00,28.38910936,79.42963708,21.0,1.0,9.0,,42.0,37.0,12.0
India,Uttar Pradesh,Bulandshahr,"Yamunapuram, Bulandshahr - UPPCB",2026-05-09 17:00:00,28.406963,77.849831,35.0,8.0,12.0,33.0,21.0,18.0,12.0
India,Uttar Pradesh,Fatehpur Sikri,"Dadupura, Fatehpur Sikri - UPPCB",2026-05-09 17:00:00,27.097694,77.671335,19.0,2.0,7.0,24.0,23.0,24.0,10.0
India,Uttar Pradesh,Firozabad,"Nagla Bhau, Firozabad - UPPCB",2026-05-09 17:00:00,27.168897,78.37696,35.0,2.0,17.0,16.0,,,30.0
India,Uttar Pradesh,Firozabad,"Vibhab Nagar, Firozabad - UPPCB",2026-05-09 17:00:00,27.1594,78.3953,29.0,7.0,15.0,1.0,63.0,48.0,6.0
India,Uttar Pradesh,Gajraula,"Rajanpur, Gajraula - UPPCB",2026-05-09 17:00:00,28.829109,78.248796,62.0,1.0,17.0,8.0,35.0,31.0,12.0
India,Uttar Pradesh,Ghaziabad,"Govindpuram, Ghaziabad - UPPCB",2026-05-09 17:00:00,28.694528,77.494705,30.0,1.0,48.0,3.0,9.0,9.0,2.0
India,Uttar Pradesh,Ghaziabad,"Indirapuram, Ghaziabad - UPPCB",2026-05-09 17:00:00,28.646233,77.358075,19.0,3.0,29.0,26.0,38.0,35.0,14.0
India,Uttar Pradesh,Ghaziabad,"Loni, Ghaziabad - UPPCB",2026-05-09 17:00:00,28.757294,77.278792,48.0,3.0,34.0,6.0,30.0,13.0,
India,Uttar Pradesh,Ghaziabad,"Sanjay Nagar, Ghaziabad - UPPCB",2026-05-09 17:00:00,28.685382,77.453839,35.0,9.0,23.0,21.0,30.0,19.0,10.0
India,Uttar Pradesh,Ghaziabad,"Vasundhara, Ghaziabad - UPPCB",2026-05-09 17:00:00,28.6603346,77.3572563,50.0,7.0,30.0,34.0,,,4.0
India,Uttar Pradesh,Ghaziabad,"Ved Vihar-Loni, Ghaziabad - UPPCB",2026-05-09 17:00:00,28.739153,77.273668,88.0,8.0,25.0,5.0,26.0,22.0,6.0
India,Uttar Pradesh,Ghaziabad,"Wave City, Ghaziabad - UPPCB",2026-05-09 17:00:00,28.646675,77.489049,79.0,,16.0,3.0,,,3.0
India,Uttar Pradesh,Gorakhpur,"Madan Mohan Malaviya University of Technology, Gorakhpur - UPPCB",2026-05-09 17:00:00,26.730136,83.433859,5.0,,,129.0,,,
India,Uttar Pradesh,Greater Noida,"Knowledge Park - III, Greater Noida - UPPCB",2026-05-09 17:00:00,28.47272,77.482,49.0,6.0,19.0,11.0,17.0,20.0,7.0
India,Uttar Pradesh,Greater Noida,"Knowledge Park - V, Greater Noida - UPPCB",2026-05-09 17:00:00,28.557054,77.453663,11.0,8.0,34.0,9.0,107.0,43.0,7.0
India,Uttar Pradesh,Hapur,"Anand Vihar, Hapur - UPPCB",2026-05-09 17:00:00,28.725645,77.749675,34.0,1.0,3.0,13.0,29.0,21.0,11.0
India,Uttar Pradesh,Jhansi,"Shivaji Nagar, Jhansi - UPPCB",2026-05-09 17:00:00,25.4547,78.6039,7.0,4.0,6.0,6.0,34.0,31.0,26.0
India,Uttar Pradesh,Kanpur,"FTI Kidwai Nagar, Kanpur - UPPCB",2026-05-09 17:00:00,26.428282,80.327067,31.0,3.0,27.0,11.0,34.0,24.0,39.0
India,Uttar Pradesh,Kanpur,"NSI Kalyanpur, Kanpur - UPPCB",2026-05-09 17:00:00,26.509954,80.249612,10.0,2.0,31.0,21.0,53.0,28.0,25.0
India,Uttar Pradesh,Kanpur,"Nehru Nagar, Kanpur - UPPCB",2026-05-09 17:00:00,26.4703136,80.3229863,50.0,,48.0,27.0,21.0,23.0,11.0
India,Uttar Pradesh,Khora,"Prashant Garden, Khora - UPPCB",2026-05-09 17:00:00,28.61119,77.34206,58.0,5.0,21.0,14.0,80.0,85.0,1.0
India,Uttar Pradesh,Khurja,"Kalindi Kunj, Khurja - UPPCB",2026-05-09 17:00:00,28.2348927,77.8683002,35.0,1.0,12.0,12.0,31.0,17.0,10.0
India,Uttar Pradesh,Lucknow,"B R Ambedkar University, Lucknow - UPPCB",2026-05-09 17:00:00,26.766433,80.927299,24.0,3.0,12.0,20.0,19.0,19.0,31.0
India,Uttar Pradesh,Lucknow,"Gomti Nagar, Lucknow - UPPCB",2026-05-09 17:00:00,26.86812,81.005119,40.0,,9.0,43.0,32.0,37.0,11.0
India,Uttar Pradesh,Lucknow,"Kendriya Vidyalaya, Lucknow - CPCB",2026-05-09 17:00:00,26.906111,80.948222,37.0,16.0,28.0,74.0,44.0,50.0,7.0
India,Uttar Pradesh,Lucknow,"Kukrail Picnic Spot-1, Lucknow - UPPCB",2026-05-09 17:00:00,26.90723,80.98579,16.0,6.0,32.0,11.0,50.0,35.0,28.0
India,Uttar Pradesh,Lucknow,"Lalbagh, Lucknow - CPCB",2026-05-09 17:00:00,26.8458805,80.9365541,52.0,16.0,25.0,57.0,53.0,35.0,4.0
India,Uttar Pradesh,Lucknow,"Talkatora District Industries Center, Lucknow - CPCB",2026-05-09 17:00:00,26.83399722,80.8917361,47.0,8.0,22.0,74.0,51.0,47.0,15.0
India,Uttar Pradesh,Mathura,"Pali Dungra, Mathura - UPPCB",2026-05-09 17:00:00,27.410954,77.550619,5.0,1.0,4.0,8.0,49.0,41.0,11.0
India,Uttar Pradesh,Meerut,"Ganga Nagar, Meerut - UPPCB",2026-05-09 17:00:00,28.999264,77.7590354,41.0,9.0,39.0,36.0,43.0,38.0,27.0
India,Uttar Pradesh,Meerut,"Jai Bhim Nagar, Meerut - UPPCB",2026-05-09 17:00:00,28.9535882,77.7622941,15.0,13.0,9.0,21.0,15.0,,9.0
India,Uttar Pradesh,Meerut,"MIET College, Meerut - UPPCB",2026-05-09 17:00:00,28.972677,77.641018,50.0,3.0,32.0,11.0,33.0,36.0,2.0
India,Uttar Pradesh,Meerut,"Pallavpuram Phase 2, Meerut - UPPCB",2026-05-09 17:00:00,29.06351,77.709723,33.0,7.0,19.0,36.0,40.0,47.0,22.0
India,Uttar Pradesh,Modinagar,"SRM University, Modinagar - UPPCB",2026-05-09 17:00:00,28.798171,77.540243,19.0,,,7.0,,,
India,Uttar Pradesh,Moradabad,"Buddhi Vihar, Moradabad - UPPCB",2026-05-09 17:00:00,28.83526,78.7446,16.0,5.0,29.0,28.0,44.0,28.0,34.0
India,Uttar Pradesh,Moradabad,"Eco Herbal Park, Moradabad - UPPCB",2026-05-09 17:00:00,28.840739,78.697531,26.0,6.0,19.0,24.0,37.0,35.0,13.0
India,Uttar Pradesh,Moradabad,"Employment Office, Moradabad - UPPCB",2026-05-09 17:00:00,28.88528,78.7388,12.0,3.0,23.0,17.0,37.0,46.0,35.0
India,Uttar Pradesh,Moradabad,"Jigar Colony, Moradabad - UPPCB",2026-05-09 17:00:00,28.856664,78.772638,40.0,6.0,25.0,23.0,30.0,20.0,67.0
India,Uttar Pradesh,Moradabad,"Kashiram Nagar, Moradabad - UPPCB",2026-05-09 17:00:00,28.849399,78.742362,40.0,4.0,25.0,16.0,,36.0,
India,Uttar Pradesh,Moradabad,"Transport Nagar, Moradabad - UPPCB",2026-05-09 17:00:00,28.802625,78.753728,47.0,5.0,24.0,39.0,61.0,40.0,21.0
India,Uttar Pradesh,Muzaffarnagar,"New Mandi, Muzaffarnagar - UPPCB",2026-05-09 17:00:00,29.4723508,77.7194031,37.0,3.0,27.0,26.0,37.0,41.0,9.0
India,Uttar Pradesh,Noida,"Sector - 125, Noida - UPPCB",2026-05-09 17:00:00,28.5447608,77.3231257,23.0,3.0,17.0,13.0,39.0,26.0,10.0
India,Uttar Pradesh,Noida,"Sector - 62, Noida - IITM",2026-05-09 17:00:00,28.6245479,77.3577104,30.0,,24.0,20.0,36.0,36.0,
India,Uttar Pradesh,Noida,"Sector-1, Noida - UPPCB",2026-05-09 17:00:00,28.5898,77.3101,35.0,7.0,32.0,34.0,35.0,,9.0
India,Uttar Pradesh,Noida,"Sector-116, Noida - UPPCB",2026-05-09 17:00:00,28.56923,77.393848,48.0,6.0,28.0,22.0,69.0,96.0,14.0
India,Uttar Pradesh,Prayagraj,"Jhunsi, Prayagraj - UPPCB",2026-05-09 17:00:00,25.425602,81.917152,11.0,6.0,6.0,36.0,29.0,,34.0
India,Uttar Pradesh,Prayagraj,"Motilal Nehru NIT, Prayagraj - UPPCB",2026-05-09 17:00:00,25.494,81.863,3.0,8.0,12.0,18.0,31.0,11.0,33.0
India,Uttar Pradesh,Prayagraj,"Nagar Nigam, Prayagraj - UPPCB",2026-05-09 17:00:00,25.44919916,81.82735986,13.0,5.0,5.0,17.0,91.0,16.0,45.0
India,Uttar Pradesh,Raebareli,"Indira Nagar, Raebareli - NTPC Unchahar",2026-05-09 17:00:00,26.207781,81.245571,46.0,11.0,23.0,33.0,83.0,41.0,14.0
India,Uttar Pradesh,Raebareli,"Anand Nagar, Raebareli - UPPCB",2026-05-09 17:00:00,26.219512,81.237648,78.0,,7.0,67.0,74.0,35.0,13.0
India,Uttar Pradesh,Shamli,"New Tehsil, Shamli - UPPCB",2026-05-09 17:00:00,29.4603683,77.3410291,53.0,1.0,10.0,17.0,33.0,24.0,2.0
India,Uttar Pradesh,Varanasi,"Ardhali Bazar, Varanasi - UPPCB",2026-05-09 17:00:00,25.3505986,82.9083074,14.0,,22.0,13.0,59.0,43.0,5.0
India,Uttar Pradesh,Varanasi,"Bhelupur, Varanasi - UPPCB",2026-05-09 17:00:00,25.301778,82.996789,27.0,1.0,8.0,10.0,94.0,112.0,31.0
India,Uttar Pradesh,Varanasi,"IESD Banaras Hindu University, Varanasi - UPPCB",2026-05-09 17:00:00,25.262326,82.995408,3.0,0.0,2.0,6.0,,31.0,27.0
India,Uttar Pradesh,Varanasi,"Maldahiya, Varanasi - UPPCB",2026-05-09 17:00:00,25.32393,82.99687,14.0,0.0,3.0,5.0,76.0,28.0,30.0
India,Uttar Pradesh,Vrindavan,"Omex Eternity, Vrindavan - UPPCB",2026-05-09 17:00:00,27.571409,77.655757,8.0,8.0,27.0,16.0,29.0,31.0,30.0
India,Uttarakhand,Dehradun,"Doon University, Dehradun - UKPCB",2026-05-09 17:00:00,30.269444,78.044167,13.0,,3.0,17.0,44.0,28.0,1.0
India,Uttarakhand,Kashipur,"Govt. Girls Inter College, Kashipur - UKPCB",2026-05-09 17:00:00,29.2124114,78.9611753,10.0,8.0,6.0,,,,
India,Uttarakhand,Rishikesh,"Shivaji Nagar, Rishikesh - UKPCB",2026-05-09 17:00:00,30.075911,78.2859547,37.0,6.0,6.0,34.0,20.0,2.0,1.0
India,West Bengal,Asansol,"Asansol Court Area, Asansol - WBPCB",2026-05-09 17:00:00,23.685297,86.945968,32.0,4.0,33.0,27.0,48.0,40.0,13.0
India,West Bengal,Asansol,"Evelyn Lodge, Asansol - WBPCB",2026-05-09 17:00:00,23.697936,86.944395,31.0,5.0,14.0,24.0,43.0,34.0,78.0
India,West Bengal,Asansol,"Mahabir Colliery, Asansol - WBPCB",2026-05-09 17:00:00,23.618183,87.105718,11.0,0.0,2.0,21.0,41.0,40.0,9.0
India,West Bengal,Asansol,"Trivenidevi Bhalotia College, Asansol - WBPCB",2026-05-09 17:00:00,23.616515,87.119133,29.0,8.0,8.0,8.0,26.0,28.0,39.0
India,West Bengal,Barrackpore,"SVSPA Campus, Barrackpore - WBPCB",2026-05-09 17:00:00,22.7605581,88.3617589,36.0,7.0,17.0,12.0,68.0,53.0,14.0
India,West Bengal,Durgapur,"Mahishkapur Road_B-Zone, Durgapur - WBPCB",2026-05-09 17:00:00,23.567923,87.306843,49.0,1.0,6.0,47.0,71.0,55.0,2.0
India,West Bengal,Durgapur,"PCBL Residential Complex, Durgapur - WBPCB",2026-05-09 17:00:00,23.508764,87.35444,38.0,4.0,57.0,6.0,31.0,30.0,12.0
India,West Bengal,Durgapur,"Womens College_City Center, Durgapur - WBPCB",2026-05-09 17:00:00,23.549395,87.300496,30.0,3.0,34.0,19.0,67.0,68.0,12.0
India,West Bengal,Haldia,"Priyambada Housing Estate, Haldia - WBPCB",2026-05-09 17:00:00,22.06047,88.109737,26.0,10.0,13.0,25.0,49.0,37.0,12.0
India,West Bengal,Howrah,"Belur Math, Howrah - WBPCB",2026-05-09 17:00:00,22.629801,88.352017,28.0,4.0,37.0,9.0,75.0,54.0,8.0
India,West Bengal,Howrah,"Botanical Garden, Howrah - WBPCB",2026-05-09 17:00:00,22.554954,88.292568,29.0,3.0,12.0,46.0,99.0,77.0,3.0
India,West Bengal,Howrah,"Dasnagar, Howrah - WBPCB",2026-05-09 17:00:00,22.6025571,88.3105664,92.0,3.0,8.0,36.0,78.0,79.0,3.0
India,West Bengal,Howrah,"Ghusuri, Howrah - WBPCB",2026-05-09 17:00:00,22.611968,88.347422,34.0,3.0,60.0,19.0,110.0,63.0,9.0
India,West Bengal,Howrah,"Padmapukur, Howrah - WBPCB",2026-05-09 17:00:00,22.5687319,88.2797276,68.0,7.0,29.0,30.0,103.0,38.0,5.0
India,West Bengal,Kolkata,"Ballygunge, Kolkata - WBPCB",2026-05-09 17:00:00,22.5367507,88.3638022,22.0,8.0,28.0,17.0,53.0,38.0,6.0
India,West Bengal,Kolkata,"Bidhannagar, Kolkata - WBPCB",2026-05-09 17:00:00,22.58157048,88.41002457,26.0,,,21.0,43.0,36.0,8.0
India,West Bengal,Kolkata,"Fort William, Kolkata - WBPCB",2026-05-09 17:00:00,22.55664,88.342674,26.0,7.0,19.0,72.0,50.0,48.0,5.0
India,West Bengal,Kolkata,"Jadavpur, Kolkata - WBPCB",2026-05-09 17:00:00,22.49929,88.36917,31.0,12.0,37.0,12.0,64.0,57.0,7.0
India,West Bengal,Kolkata,"Rabindra Bharati University, Kolkata - WBPCB",2026-05-09 17:00:00,22.627847,88.380669,35.0,9.0,38.0,55.0,76.0,50.0,9.0
India,West Bengal,Kolkata,"Rabindra Sarobar, Kolkata - WBPCB",2026-05-09 17:00:00,22.51106,88.35142,20.0,7.0,26.0,22.0,32.0,31.0,6.0
India,West Bengal,Kolkata,"Victoria, Kolkata - WBPCB",2026-05-09 17:00:00,22.5448082,88.3403691,48.0,6.0,28.0,29.0,40.0,35.0,6.0
India,West Bengal,Siliguri,"Ward-32 Bapupara, Siliguri - WBPCB",2026-05-09 17:00:00,26.6879226,88.4152495,26.0,8.0,17.0,22.0,32.0,26.0,15.0
